scope,horizon,feature,pearson_corr_mean,spearman_corr_mean,mean_abs_change,median_abs_change,coefficient_of_variation_mean,psi_mean,n_series,stability_score
all,1,hurst_rs,0.739828357941255,0.7249831428322073,0.03144905044665282,0.023142938463292684,0.04666498121764312,0.24693731608087507,418,0.7103030279672814
all,1,hurst_dfa,0.7351036257513192,0.7114273592374115,0.04463324519488921,0.03380379725008126,0.07478017238536976,0.19272466102259522,418,0.6980521175670134
all,1,acf_lag_2,0.5860263338193862,0.6087466622150545,0.03853225260588101,0.026455816542675405,2.280112557095129,0.1467244532872847,418,0.4874048116959338
all,1,acf_lag_5,0.7068693428852585,0.6974548394537389,0.02953156631991275,0.02121013643379137,2.9011787941843323,0.18036937683769705,418,0.5433774309026373
all,1,acf_lag_10,0.7724653581008654,0.7462641824282521,0.024368919071715418,0.017700091947161975,3.0046484219591805,0.1883116799444582,418,0.5866161773330701
all,1,acf_lag_25,0.7694948874920007,0.7583050595985054,0.02453864252671428,0.018194138960188184,2.5277629490626214,0.3620506644762848,418,0.61381437892156
all,1,acf_lag_50,0.664801426855791,0.6539469569700579,0.02128716579287649,0.015430299219931167,2.7319302192603208,0.15837624937347225,418,0.5094316335383682
all,1,acf_lag_100,0.6268128312100955,0.6251478519369018,0.02044396042220297,0.01512495279205485,3.4420169736231587,0.1309169440742363,418,0.44650115605203206
all,1,abs_acf_lag_2,0.5197235147276605,0.5084780401689543,0.06539512839548184,0.044022223222528245,0.31964275507404094,0.3060258244236927,418,0.4771946111940676
all,1,abs_acf_lag_5,0.5867870232653168,0.594487865646093,0.04532536050251255,0.03146278052673251,0.4502652451032484,0.2701706892791262,418,0.5584660689269744
all,1,abs_acf_lag_10,0.6530695110238222,0.6406749855622462,0.04223393248512797,0.030991390645920408,1.0671088833254168,0.2717405993844823,418,0.5737325114267513
all,1,abs_acf_lag_25,0.6028560179101449,0.6011765663692911,0.036193106148896814,0.02763762788399358,1.548247163580504,0.3011129898550095,418,0.5087085586975153
all,1,abs_acf_lag_50,0.5893945268614056,0.560024073100862,0.03566424076065698,0.028159453277162183,4.769505482131019,0.4091072339189991,418,0.301093437298361
all,1,vr_q10,0.8027116646975223,0.8239068061990782,0.10975068051252998,0.07360833131138417,0.11125468805636363,0.12281035293278512,418,0.8122035541496208
all,1,lb_ret_stat_50,0.5771189297839686,0.5740847159661361,25.635214962762603,15.925877664182861,0.22097518715249248,0.3663631693959437,418,0.5447177981387142
all,1,lz_complexity,0.7218574915846396,0.6692579315830706,0.024976733723629577,0.020538238298942524,0.018525903465536786,4.132308992842518,418,0.4617161867676679
all,1,permutation_entropy,0.6377193900311406,0.5388609998917641,0.0012427864624594668,0.0007088421049366023,0.000996068682369793,0.4826859897321969,418,0.5146768969710357
all,1,spectral_flatness,0.5050113002562434,0.5147223464334126,0.12091151472874943,0.13347388262259308,0.11523755955113626,4.464278737800117,418,0.28574653156584995
all,1,kurtosis,0.63297377434482,0.6700337734859444,13.59436236810448,3.5323943329708127,0.49611019119239347,0.5507856914463546,418,0.617688979354007
all,1,robust_kurtosis,0.813632176913659,0.7812124054624591,0.10414247293803647,0.0714750577007559,0.050212286703102404,0.06407828160083658,418,0.7754978770472621
all,1,tail_ratio_upper,0.8059973143321876,0.8582041562054737,1.5817098010581063,0.6595429725136737,0.1339795418823744,0.15335677812846774,418,0.8438373402049316
all,1,hill_tail_index,0.690964351346282,0.7003490446272208,0.5073220846674776,0.35917717221882306,0.13515021252911955,0.35045584120569034,418,0.6760687419404803
all,1,correlation_dimension,0.4671356371541635,0.426842328993915,0.8650075092599012,0.7245216921650095,0.20538850554713498,0.1660618322913415,418,0.4082698121019912
all,1,embedding_dimension,0.05187109374323474,0.05443244303998913,1.9792663476874004,2.0,0.22526352667213168,0.31272806657701774,418,0.027532863377531653
all,1,selected_delay_tau,0.1639388785953736,0.2054706659949521,1.1291866028708133,1.0,0.2560600810647436,0.049753364886220806,418,0.19017999369740388
all,5,hurst_rs,0.7442582421809236,0.724867416249595,0.030731004638833957,0.0237551630813726,0.04585556509034622,0.2227079939383949,418,0.7114392382981579
all,5,hurst_dfa,0.7114078004590866,0.6889085436039609,0.04545503111011688,0.03541273475937734,0.0762031289928656,0.22407753781958942,418,0.6738945102633381
all,5,acf_lag_2,0.5913159822288284,0.604841533585889,0.0376829025302334,0.026749629098393825,41.859996772621734,0.10072429983049087,418,0.09980531859436445
all,5,acf_lag_5,0.7016231046767335,0.6965731704869172,0.029626993143153268,0.021985693841321458,3.0165485316036516,0.17993604240112618,418,0.5367489417866784
all,5,acf_lag_10,0.7711809059831317,0.7461795097842773,0.024037826764565666,0.017500262562581113,7.30789407849737,0.18501833359186307,418,0.3715338891798156
all,5,acf_lag_25,0.7656212052997503,0.758089160787025,0.024661326308550127,0.018607805331706175,6.704825218088042,0.35813633651409543,418,0.4049410830569181
all,5,acf_lag_50,0.6733352191682532,0.6585260163133952,0.02149401764927538,0.015755520501173757,2.578314032764825,0.15792944118739158,418,0.5217138426157844
all,5,acf_lag_100,0.6389265257554881,0.6431976936179528,0.02033626795124879,0.015030177321232931,3.398685899644809,0.11206024330256531,418,0.46766038647058406
all,5,abs_acf_lag_2,0.5268992873559402,0.5110684972936109,0.06520773073813317,0.04341876945607877,0.31935825122210787,0.2835315702654156,418,0.48092400621923476
all,5,abs_acf_lag_5,0.5870752741230264,0.5927507072233296,0.04527841149169039,0.031599494425852616,0.9294971902079338,0.2601691003009436,418,0.5332673926978857
all,5,abs_acf_lag_10,0.6386246691033206,0.6313066092557661,0.04233068367236835,0.029995675673970337,0.8669886931270346,0.3018097421397098,418,0.5728666874924289
all,5,abs_acf_lag_25,0.604503888069444,0.6086558554597438,0.036379984714524735,0.027894915773099153,3.002196539174243,0.3216013824694394,418,0.4424659593775596
all,5,abs_acf_lag_50,0.5819687297376533,0.5435268735828389,0.036008853614905745,0.02854230515511445,5.831522518642422,0.4397144594615659,418,0.2299650246776395
all,5,vr_q10,0.8106877405532026,0.8312216244293394,0.10965388342711943,0.0757201861479937,0.11155252660536286,0.11037818108657645,418,0.8201250890447425
all,5,lb_ret_stat_50,0.5812220023882908,0.5518626379685553,27.053739371306975,16.89282582426677,0.22995433158730597,0.388374070989687,418,0.5209462178397056
all,5,lz_complexity,0.7343163327387504,0.7007516223195943,0.024218896019616614,0.019637286526014153,0.01804101509288407,2.5235671941967524,418,0.5736712118551125
all,5,permutation_entropy,0.6548301711589981,0.5668829121429383,0.001219614673847514,0.0006693074465355386,0.0009810866432937004,0.4468497737902912,418,0.544491369121259
all,5,spectral_flatness,0.5676278471299422,0.5841673876301318,0.12199677064453315,0.13306589226974042,0.1158298020839899,5.4458449208239825,418,0.3060836514847331
all,5,kurtosis,0.6328784594900818,0.6667611155505829,13.842335340532555,3.4912247772031932,0.5012157683968402,0.5514004296934334,418,0.6141303056460692
all,5,robust_kurtosis,0.7990924301901615,0.7790246637007691,0.10781565069000805,0.07307221067481107,0.051679516598615416,0.0807073442595518,418,0.7724053206578607
all,5,tail_ratio_upper,0.7784681229005882,0.8607582468129252,1.6728185549458434,0.6728122650944046,0.13628246556985163,0.17666509148668777,418,0.8451108689600982
all,5,hill_tail_index,0.6796881530231236,0.6895379472420965,0.5124016006420549,0.3567676262250752,0.137513680947834,0.35507994199855547,418,0.664908266094777
all,5,correlation_dimension,0.4792744318056732,0.4303170292214002,0.8180424467003091,0.6536603450805636,0.1970302174921885,0.14844158984647193,418,0.41304343885446715
all,5,embedding_dimension,0.07821749928100336,0.07713908625792258,1.8995215311004785,2.0,0.21734084531248424,0.2775470170061843,418,0.052394693141989156
all,5,selected_delay_tau,0.15347495930772906,0.19385067731711947,1.098883572567783,1.0,0.25326847110597844,0.06042213807434597,418,0.17816614685810325
all,20,hurst_rs,0.7413389651227588,0.7222325963554561,0.03101018759416619,0.023613592316706677,0.04637951097342327,0.20275899400880207,418,0.7097756711063449
all,20,hurst_dfa,0.7117449114938502,0.6878433989855767,0.04517758009828461,0.03523050469334646,0.07585745322518976,0.21146069562034273,418,0.6734774915433
all,20,acf_lag_2,0.599605208871086,0.6128651155196932,0.03775841930400559,0.02625293193377442,5.25790487702262,0.11348447280385236,418,0.34429564802836965
all,20,acf_lag_5,0.7010987350520216,0.6954122899166136,0.029978634729909033,0.02259606084419646,4.1413376428085655,0.19207123599530682,418,0.47874184597642
all,20,acf_lag_10,0.7736115803691764,0.7506413637860195,0.024108030356886776,0.017789348489649904,1.628475625087646,0.17408119254759483,418,0.6605135229042575
all,20,acf_lag_25,0.7627963024932853,0.7542233561930303,0.024773641655888738,0.01885584903236196,4.1064862906683475,0.34472635453330946,418,0.5316627239329474
all,20,acf_lag_50,0.6728851773974184,0.6589502010660373,0.0215211547234377,0.015563635357791688,3.5312308755248054,0.1472186107414265,418,0.4750277267527257
all,20,acf_lag_100,0.6564210881720742,0.6607900510848244,0.020225525702275243,0.0146798890855705,3.212070237087616,0.1751819100285382,418,0.49142744372901664
all,20,abs_acf_lag_2,0.5240230891919474,0.5089527218024144,0.06549169241914983,0.04266036990920542,0.32161213676488454,0.2748966273447599,418,0.47912728359693213
all,20,abs_acf_lag_5,0.5912262596496958,0.5925843742221968,0.045500154707815224,0.032278626816403456,0.6034923641087425,0.2608296227857219,418,0.5493682748774736
all,20,abs_acf_lag_10,0.6404009005445318,0.633946577421919,0.04206521986483993,0.029219164161744172,1.0687428091368,0.31883173639632906,418,0.5645678501452625
all,20,abs_acf_lag_25,0.6054245520376881,0.6096769659217528,0.03651413036252093,0.027599171844457752,1.9460323802381816,0.31866431040557647,418,0.49644213138956494
all,20,abs_acf_lag_50,0.5850181398757389,0.5476833912390705,0.03590147866922853,0.028618507101947882,2.4335413775380905,0.4265098154079807,418,0.40468083159176693
all,20,vr_q10,0.8143842264929119,0.8370586695161805,0.10873419633896712,0.0760238091681234,0.11105715049084838,0.11079546513013316,418,0.8259660387351314
all,20,lb_ret_stat_50,0.5852734307504438,0.5554763963092695,26.82142367016324,16.73729708233808,0.22841831778582103,0.3936547455899326,418,0.5243727431404818
all,20,lz_complexity,0.7344631082428834,0.6837897317612261,0.024527452881826273,0.019690571053930572,0.018225873232632195,2.0682546321402495,418,0.5794657064925821
all,20,permutation_entropy,0.6518933251966383,0.5666069790693927,0.001226875803582669,0.0006761637756232397,0.0009855947653617384,0.4676330817370879,418,0.5431760452442702
all,20,spectral_flatness,0.5633060985755729,0.5801171763141039,0.12229267925607933,0.13285245666229945,0.11613252841587585,5.467545517877551,418,0.30093327399943254
all,20,kurtosis,0.6320064014353144,0.6686593491647628,13.837445881085552,3.5122986301486283,0.5001120974504509,0.5506685201559949,418,0.6161203182844405
all,20,robust_kurtosis,0.7954616748749613,0.7803583399966487,0.10823673457381437,0.07163713699650243,0.051849546813243316,0.08684574142166175,418,0.7734235755849035
all,20,tail_ratio_upper,0.814827004222168,0.8583351632975744,1.6226217216123215,0.6959087944226199,0.13708072818172803,0.17600760283310213,418,0.8426807467468329
all,20,hill_tail_index,0.6755058200179347,0.690305970842652,0.5180914984820572,0.36350458982659273,0.13822726330151075,0.39077063093698694,418,0.6638560761307271
all,20,correlation_dimension,0.4448601691703706,0.4154423569205523,0.8715341290188825,0.6934198005610033,0.21335857432216004,0.11877114803699129,418,0.39883587080259475
all,20,embedding_dimension,0.06305811714734509,0.060707667764817876,1.9138755980861244,2.0,0.2189628670957391,0.29841641092995097,418,0.03483870386353337
all,20,selected_delay_tau,0.17277606588231995,0.19734086881276328,1.0510366826156299,1.0,0.24453018222441114,0.05234246089577684,418,0.18249723665675388
RU,1,hurst_rs,0.7494588931047156,0.7675188846241477,0.03567360112202333,0.02568984382641265,0.05368338595691296,0.5165714493428861,209,0.7390061428591578
RU,1,hurst_dfa,0.728448069935637,0.7123538741959794,0.04960947734881496,0.037454163201513124,0.08549006692187425,0.6903142040519508,209,0.6735636606472881
RU,1,acf_lag_2,0.5168568390597369,0.525259389733074,0.05481491779328288,0.04338302791247568,2.9462747344933957,0.35703819541617327,209,0.3600937432375955
RU,1,acf_lag_5,0.5965996078254744,0.5739046041677621,0.03389939133446915,0.024853677874947987,2.784611811516518,0.3061880134348473,209,0.4193646129201939
RU,1,acf_lag_10,0.6662503931843503,0.6159305606674028,0.02778835920728246,0.02026726886413218,3.998463269492249,0.25446040534651626,209,0.40328437692546454
RU,1,acf_lag_25,0.6078483711006729,0.581755087018245,0.026742893365327414,0.02038794663693211,3.5465345632731973,0.3060119371364549,209,0.38912776199776233
RU,1,acf_lag_50,0.6043624660428019,0.5681458891985208,0.024783153981662795,0.018940025889654457,1.8099604370631064,0.27099790357508186,209,0.4640979721666114
RU,1,acf_lag_100,0.5660145783316736,0.5869069526964265,0.022894455428679853,0.01759647840968681,4.7945868265842355,0.17183262668646748,209,0.3385859800328913
RU,1,abs_acf_lag_2,0.5118662411166992,0.4922204987994463,0.09361444689998999,0.07257163419081678,0.4276021503032452,1.4813180086146345,209,0.39677449085355226
RU,1,abs_acf_lag_5,0.5204923200243653,0.5068497292181502,0.05805677981296728,0.04357792273209461,0.49583520007816734,1.4001241343373183,209,0.4120517624973759
RU,1,abs_acf_lag_10,0.5847962251854105,0.5372780728043887,0.05070012684607667,0.03976515441649027,1.276293602664611,1.1110186201660142,209,0.4179124616628574
RU,1,abs_acf_lag_25,0.5747035958309711,0.5055891476944109,0.04120924868454484,0.032408791542827484,1.9963066285715378,0.8091186270072516,209,0.3653178849154714
RU,1,abs_acf_lag_50,0.5271910308272997,0.4895472948104527,0.03713740307434704,0.029275214591185064,2.3713848283571086,0.3759549917787641,209,0.35218030380365906
RU,1,vr_q10,0.7799578840155474,0.805170706486496,0.14349092803597302,0.10948754748144895,0.14316238028902237,0.2699195714353057,209,0.7845166089002796
RU,1,lb_ret_stat_50,0.401530849325229,0.43408039329091963,34.52699130345711,24.598844406997316,0.29355243870838243,1.0918782771543365,209,0.3648088574977837
RU,1,lz_complexity,0.7385834575714956,0.7200120267817215,0.024099352835663935,0.019739946365956662,0.018041153580139635,3.072367486961241,209,0.5654915947546525
RU,1,permutation_entropy,0.6215496998448456,0.5566420421683579,0.0014055729838473145,0.0007795336624064619,0.0011314018640971397,0.4978797827005812,209,0.531691482940124
RU,1,spectral_flatness,0.4496072764283303,0.46749084249084244,0.12102981697646445,0.1329596168082542,0.11647075689736448,5.462230866687551,209,0.18855576131159668
RU,1,kurtosis,0.5203806981783481,0.30275557775557776,22.860823015861843,10.460946911959917,0.6772494054719012,2.6509981864861882,209,0.1363431981576733
RU,1,robust_kurtosis,0.7944083860905149,0.8064361077518972,0.12556992620479404,0.082970312661653,0.057122051679131355,0.19662077301319922,209,0.7937489665172808
RU,1,tail_ratio_upper,0.773420091386134,0.7868469250048197,2.577640876909969,1.3882774447130082,0.18739292890622822,0.32381947633521535,209,0.7612863047427474
RU,1,hill_tail_index,0.6354041517431605,0.6425526228157808,0.5741966789109162,0.4161941588129294,0.1655161171918508,1.5296296919818744,209,0.5577953323570946
RU,1,correlation_dimension,0.5214375413727185,0.5352187286397813,0.9155459214583136,0.7612137628550415,0.2467145424465531,0.5311362294737165,209,0.49632619004376777
RU,1,embedding_dimension,0.07399499263072017,0.07504934696354264,1.9617224880382775,2.0,0.22630697363906435,0.6157011895889107,209,0.032948938802143876
RU,1,selected_delay_tau,0.15465102652845678,0.16422947487788897,1.3141945773524721,1.0,0.2921988487119804,0.1733376721143396,209,0.14095264883657296
RU,5,hurst_rs,0.7708125125693425,0.7881916329284749,0.033519099980163204,0.025528224971864688,0.050536658479510985,0.45699371071157957,209,0.7628151144689204
RU,5,hurst_dfa,0.7047104941569639,0.7041370909791963,0.049354220103183855,0.036356419303422816,0.08421463356254905,0.6364305576546542,209,0.6681048314183361
RU,5,acf_lag_2,0.5263704963017556,0.51886008728114,0.053699837684444196,0.04252996290709989,3.218961764467597,0.21826720707437505,209,0.34699863870404135
RU,5,acf_lag_5,0.5774921129773372,0.5502252133831081,0.03375947059493342,0.02434145223282927,4.38592899612391,0.22286557579373667,209,0.31978548478722574
RU,5,acf_lag_10,0.661107075737778,0.6192439139807561,0.02814039945039548,0.021581221072680918,2.07730883272754,0.2596541515807961,209,0.5023957647653392
RU,5,acf_lag_25,0.602060325720514,0.5880702630702631,0.027348556649659475,0.021049926938979065,11.656125705128073,0.5922446981872463,209,0.05845802816090079
RU,5,acf_lag_50,0.6361742478361015,0.5934863382231803,0.02460738393685727,0.01806603700701137,3.363211532031843,0.27564514589115935,209,0.4115435043270302
RU,5,acf_lag_100,0.5812279641444055,0.5959996144206671,0.022778456691652228,0.0166701886481561,3.3273042647929265,0.24775076853334985,209,0.4172468627543532
RU,5,abs_acf_lag_2,0.5342365612571695,0.5067861962598804,0.09193310859400569,0.07031520328731738,0.4149523408695319,1.4520229563477358,209,0.413437431399017
RU,5,abs_acf_lag_5,0.528807142923542,0.5100018402649982,0.05836155719926368,0.04449572905350849,0.4765836015091455,1.420641392288011,209,0.41514059057514036
RU,5,abs_acf_lag_10,0.5800138788456602,0.5469626864363707,0.05042632920240084,0.037822079612328266,1.1557174949148332,1.090230642396078,209,0.4346652795708251
RU,5,abs_acf_lag_25,0.5814538066964242,0.5315478381267855,0.04149527357656563,0.03407397360967782,4.886355835922549,0.7690957058788523,209,0.24877526103671546
RU,5,abs_acf_lag_50,0.5153483718956257,0.46344269765322393,0.037509422620087995,0.029973001834887006,9.45626439747465,0.3868808999539548,209,-0.02871456721820629
RU,5,vr_q10,0.7971384075083504,0.8225287870024713,0.13927001724410895,0.10417790103290314,0.1404354600867722,0.21042701299916278,209,0.8049856633481746
RU,5,lb_ret_stat_50,0.40730376712321,0.4047386823702613,36.68754968620136,26.05113034318957,0.3086479725639164,1.161068774631807,209,0.3312528450104751
RU,5,lz_complexity,0.753249425550628,0.7377911435164045,0.023148311208692148,0.019043013420943833,0.01736886127450904,2.8580812551996924,209,0.5940186376926944
RU,5,permutation_entropy,0.6470132550360513,0.5743191019506808,0.0013896417487742002,0.0007539069784001651,0.0011223656468288042,0.5091516577572285,209,0.548805400780478
RU,5,spectral_flatness,0.5136110972378193,0.5685323448481343,0.1215831323602591,0.13170665880706955,0.11610918567613428,6.614497989072319,209,0.2320019861107116
RU,5,kurtosis,0.5187569432361311,0.3044551939288782,23.346751019353093,10.68722852580979,0.6830142629329503,2.717096680388694,209,0.13444964676279597
RU,5,robust_kurtosis,0.7653914052759877,0.7993672993672994,0.13153461431095156,0.08447565513775102,0.058991986127403015,0.20735212616116308,209,0.7860500937528712
RU,5,tail_ratio_upper,0.7590531097195895,0.7814023695602644,2.7432405579010988,1.3925107883511112,0.19033272754807135,0.35210442536015235,209,0.7542805119148533
RU,5,hill_tail_index,0.6083570156938828,0.610277880014722,0.5785257732797652,0.40847760957228685,0.1686963413236706,1.211550954984873,209,0.5412655151992949
RU,5,correlation_dimension,0.5551158727229413,0.5488152198678514,0.868003252783752,0.724118967661179,0.23735468708628585,0.5074372538220622,209,0.511575622822434
RU,5,embedding_dimension,0.0929047088593587,0.07260190515953649,1.901116427432217,2.0,0.22050968004139976,0.5126074522807169,209,0.035946048543430656
RU,5,selected_delay_tau,0.144809039875492,0.1755037598845959,1.2567783094098883,1.0,0.2836683953479629,0.17177508365697455,209,0.15273158593434902
RU,20,hurst_rs,0.7685482415900267,0.7892230576441103,0.033328076383724606,0.02523133583092263,0.050370616788575996,0.40408712446665257,209,0.7665001705813489
RU,20,hurst_dfa,0.7045967212713266,0.696886008728114,0.04943695402488602,0.03597804750909095,0.0843251761855832,0.7003492099622631,209,0.6576522894207217
RU,20,acf_lag_2,0.5425841677650053,0.5334257847415742,0.053776485987652806,0.04182378250366356,4.99622377104393,0.23216356540523977,209,0.2720064179191157
RU,20,acf_lag_5,0.5859570953335344,0.552842333105491,0.034414119496747726,0.025336682078329988,6.6321186994124535,0.24511548539864983,209,0.20898062386493585
RU,20,acf_lag_10,0.6629704106885803,0.6269300874564032,0.02823981655021509,0.021660857449357272,1.7345063624815797,0.2519977705875121,209,0.5276048808029485
RU,20,acf_lag_25,0.5947833748866188,0.5830577317419423,0.027477339530743907,0.02133541719948626,2.5720657245673744,0.5862090069007849,209,0.42514399516853435
RU,20,acf_lag_50,0.637917632723009,0.5957559983875774,0.024527614907979122,0.017363038889543523,3.3243627981552346,0.2931824278992375,209,0.4148787370848538
RU,20,acf_lag_100,0.5872947458769701,0.6022503811977497,0.02258286412589189,0.016532413406017098,4.542824109456835,0.23295436887452114,209,0.36346145728118184
RU,20,abs_acf_lag_2,0.5279359347073674,0.49899092135934237,0.09224462066707285,0.071081070336461,0.41589755203175005,1.4468610158093698,209,0.4058529929672864
RU,20,abs_acf_lag_5,0.5377119926221319,0.5098791559317876,0.05864214259280261,0.04500341658741891,0.4800026184153997,1.405319272193798,209,0.4156130614013277
RU,20,abs_acf_lag_10,0.5799099649562448,0.5478149043938518,0.050380222372723396,0.038087106225678125,1.5560122161846146,1.114074700054962,209,0.414310558581873
RU,20,abs_acf_lag_25,0.5843984394400847,0.5398434898434898,0.041630840632977055,0.03473243349628341,2.9419697921799486,0.7570737092033465,209,0.3548913147743251
RU,20,abs_acf_lag_50,0.5215221505669431,0.47199554831133766,0.037248169097580164,0.02998181438848114,2.9211851897734267,0.38950393808227696,209,0.3064610919185525
RU,20,vr_q10,0.7986870922927373,0.8239195015510804,0.13934664715584608,0.1046590987526389,0.14115110316721569,0.21441609556257157,209,0.806141141614591
RU,20,lb_ret_stat_50,0.40910338218317105,0.40475007448691663,36.438803718908495,25.629009502499386,0.3069623551462461,1.1350131823739533,209,0.3326512976109066
RU,20,lz_complexity,0.7632154321326962,0.7279639123282795,0.023604634746987003,0.019067738749181773,0.017672375634231713,1.744260456480988,209,0.6398672707225185
RU,20,permutation_entropy,0.6436671404262885,0.5789965704046677,0.00139042216451714,0.00078846627543816,0.001120642773015625,0.46475180892693385,209,0.5557029478196702
RU,20,spectral_flatness,0.5132047435339707,0.569303065355697,0.1214885143453809,0.13197915233076252,0.11596649011664964,6.609625517232097,209,0.2330234649882596
RU,20,kurtosis,0.516608953762144,0.3025084564558249,23.34843395711507,10.415050750848799,0.6829267533232203,2.699576593466625,209,0.1333832891163326
RU,20,robust_kurtosis,0.762628901684407,0.8018122228648544,0.13203613803287276,0.08188445839425773,0.059150311960620275,0.23164638889815356,209,0.7872723878219157
RU,20,tail_ratio_upper,0.7798203358552396,0.7767285346232716,2.630308441643496,1.4603678132749298,0.19057537620720472,0.3718368374179637,209,0.7486079239420131
RU,20,hill_tail_index,0.613121140675598,0.6160269555006398,0.5857268925523124,0.42904403433870364,0.1695901602221996,1.4949648407109677,209,0.5327992054539814
RU,20,correlation_dimension,0.5131787467530996,0.5366370471633629,0.9209831264366568,0.7630680586323857,0.2581307834510557,0.8067085044157372,209,0.48339508277002324
RU,20,embedding_dimension,0.06549264921145502,0.05135441439017752,1.9298245614035088,2.0,0.2240415506658032,0.6961542494908213,209,0.0053446243823463
RU,20,selected_delay_tau,0.1251032272444855,0.14083740300894665,1.2599681020733653,1.0,0.28617278218389436,0.19335870182709267,209,0.1168608288083973
US,1,hurst_rs,0.7783632756918033,0.709246455299087,0.027224499771282308,0.021591056281558108,0.03964657647837329,0.2082738812012861,209,0.696850432415104
US,1,hurst_dfa,0.7721575879464889,0.7235987696514012,0.039657013040963474,0.030116884852757708,0.06407027784886526,0.15309929077977735,209,0.7127402912199692
US,1,acf_lag_2,0.8386559845680607,0.8277275356222725,0.022249587418479138,0.015877335205098292,1.6139503796968624,0.2109906763510557,209,0.7364804828198767
US,1,acf_lag_5,0.8087565610669148,0.7977044884939621,0.025163741305356348,0.018764411471104053,3.0177457768521476,0.28903692417747845,209,0.6323653534424808
US,1,acf_lag_10,0.8505048965800931,0.8170176314913157,0.020949478936148375,0.015145757026988105,2.0108335744261123,0.2329871950180157,209,0.7048265930191093
US,1,acf_lag_25,0.8513206950542207,0.8496293180503708,0.022334391688101148,0.01676591622640299,1.5089913348520458,0.4796137019917744,209,0.7501990662081798
US,1,acf_lag_50,0.7456444167733562,0.7473386262859948,0.017791177604090182,0.012260307949264453,3.653900001457536,0.12974548030899183,209,0.5581563521976685
US,1,acf_lag_100,0.6965720805698554,0.6688754228227912,0.017993465415726086,0.013316686784042412,2.0894471206620824,0.198798336257254,209,0.5544631499768244
US,1,abs_acf_lag_2,0.7516451615595866,0.7521206863312125,0.03717580989097369,0.02809933517418367,0.2116833598448367,0.09604809514436946,209,0.7367341135817522
US,1,abs_acf_lag_5,0.7277320858940346,0.7542348002874318,0.03259394119205782,0.02466839768935155,0.40469529012832933,0.05754618880876063,209,0.7311227263405773
US,1,abs_acf_lag_10,0.74156473142456,0.7538833973044499,0.03376773812417927,0.025642418464314587,0.8579241639862226,0.1256660742879865,209,0.7047038853907394
US,1,abs_acf_lag_25,0.6245550624493608,0.6764121843069212,0.031176963613248787,0.023204149987247735,1.1001876985894699,0.21180944818143074,209,0.6108123269683762
US,1,abs_acf_lag_50,0.6621563388030939,0.6386779886779886,0.034191078446966915,0.02735778225605237,7.1676261359049285,0.7593461710790037,209,0.242329373328792
US,1,vr_q10,0.8761500916537054,0.8666697337749968,0.07601043298908691,0.05217987644115385,0.07934699582370487,0.133445508543609,209,0.8560301085566311
US,1,lb_ret_stat_50,0.8332277151420707,0.7798929141034404,16.74343862206809,10.911422996402848,0.14839793559660255,0.2346729117412142,209,0.7607393717365496
US,1,lz_complexity,0.643201170748732,0.5699915263709313,0.025854114611595213,0.02155380715066535,0.01901065335093394,3.56177338763662,209,0.3909523243215536
US,1,permutation_entropy,0.6685950663781147,0.5077219761007845,0.0010799999410716192,0.0006712299041305991,0.000860735500642446,0.5300239121777347,209,0.4811777437168656
US,1,spectral_flatness,0.6179947687452885,0.5767613964982387,0.12079321248103442,0.13440529972861215,0.11400436220490805,5.487242932064795,209,0.29669903178475354
US,1,kurtosis,0.87116448635213,0.7662206214837793,4.327901720347114,1.2328038222992905,0.3149709769128859,0.39912896372006396,209,0.7305156244521319
US,1,robust_kurtosis,0.7627735399185598,0.6562827523353839,0.08271501967127888,0.05958502331317006,0.04330252172707345,0.15628451386390943,209,0.6463034005558348
US,1,tail_ratio_upper,0.8137657074821111,0.7688167096061833,0.5857787252062433,0.3866564121166487,0.08056615485852063,0.27049413415134854,209,0.7512636951556898
US,1,hill_tail_index,0.6820415407846409,0.6697613789719052,0.44044749042403913,0.3246534192711614,0.1047843078663883,0.3618272650040027,209,0.6464308003283857
US,1,correlation_dimension,0.23518363531995656,0.19893001735106997,0.8144690970614888,0.7064272840365167,0.1640624686477169,0.27492275194400123,209,0.17698075632148405
US,1,embedding_dimension,0.03259839730674218,0.03677635109506732,1.996810207336523,2.0,0.22422007970519897,0.16591126242550222,209,0.01726978398853226
US,1,selected_delay_tau,0.1950063750147436,0.28298599720847933,0.9441786283891547,1.0,0.21992131341750673,0.01989301102983774,209,0.2709952809861121
US,5,hurst_rs,0.7565583800834355,0.6825630509841036,0.027942909297504707,0.02278208403155957,0.04117447170118146,0.1962671344761787,209,0.6706909706752356
US,5,hurst_dfa,0.7588094244697489,0.7119726764463605,0.04155584211704992,0.03431523913543433,0.06819162442318215,0.25629013328481204,209,0.6957485885609609
US,5,acf_lag_2,0.8394341944576148,0.8133673344199659,0.0216659673760226,0.015916300415045274,80.50103178077586,0.19883894771640168,209,0.3034253870341458
US,5,acf_lag_5,0.8172740617438213,0.8141967681441367,0.025494515691373117,0.019981119744768405,1.6471680670833924,0.3540033877033837,209,0.7141381954047978
US,5,acf_lag_10,0.8576122038750934,0.8288772630877895,0.019935254078735847,0.014257969182824036,12.538479324267197,0.21880208776347324,209,0.31793715869961586
US,5,acf_lag_25,0.8467994441838584,0.8466756927283243,0.02197409596744078,0.016226387341523728,1.7535247310480115,0.4434116340492949,209,0.7368288744734589
US,5,acf_lag_50,0.7313445809448816,0.7334012478749322,0.018380651361693492,0.01295006793525423,1.793416533497807,0.14828482299767018,209,0.6363161800501583
US,5,acf_lag_100,0.6803605853664433,0.6804397357028936,0.017894079210845355,0.013860497540746142,3.4700675344966916,0.14955310059646826,209,0.4994587039482356
US,5,abs_acf_lag_2,0.7277433774596954,0.7292562700457438,0.038482352882260644,0.028424192879009214,0.2237641615746838,0.10814195106761067,209,0.712660964413629
US,5,abs_acf_lag_5,0.7240587720215458,0.7584660953082006,0.03219526578411709,0.023606458212533682,1.382410778906722,0.04290588204730242,209,0.6872002622604995
US,5,abs_acf_lag_10,0.7225089422950468,0.7300436405699564,0.03423503814233587,0.02460940481052673,0.5782598913392359,0.1910264805077809,209,0.6915793219776055
US,5,abs_acf_lag_25,0.6287015106789248,0.680613684561053,0.03126469585248384,0.021771284691876197,1.1180372424259366,0.18468650091847794,209,0.6154774973938322
US,5,abs_acf_lag_50,0.658637972640946,0.6260204707573128,0.034508284609723494,0.027134440434311326,2.206780639810194,0.8064125591987846,209,0.47536081080686393
US,5,vr_q10,0.8674450887985937,0.8570736281262596,0.08003774961012992,0.054802587649138035,0.0826695931239535,0.1239852264737726,209,0.8467408871463733
US,5,lb_ret_stat_50,0.8355715788723979,0.771831677094835,17.41992905641259,11.289808082557968,0.15126069061069555,0.19785523280253317,209,0.7543758809241736
US,5,lz_complexity,0.6631732877025026,0.6258343968431385,0.025289480830541083,0.02064949868156707,0.01871316891125909,3.249504430893951,209,0.4624235168528779
US,5,permutation_entropy,0.6909773478378151,0.5423161220754263,0.0010495875989208275,0.0006296223848381022,0.0008398076397585964,0.5905661848033368,209,0.5127458224532716
US,5,spectral_flatness,0.6636871786508959,0.5968969626864364,0.1224104089288072,0.13420581081354066,0.1155504184918455,6.823539639447572,209,0.24994245978946555
US,5,kurtosis,0.8737320396805502,0.7629756208703578,4.337919661712015,1.2937116199457552,0.31941727386073004,0.3662143530689555,209,0.7286940395238735
US,5,robust_kurtosis,0.7613466793326243,0.6381854987118144,0.08409668706906452,0.06333877541475785,0.04436704706982784,0.1792375718594308,209,0.6270052677653515
US,5,tail_ratio_upper,0.7886948099237335,0.7786095483463904,0.6023965519905877,0.4037016612219775,0.08223220359163196,0.21067212096058477,209,0.7639643321187796
US,5,hill_tail_index,0.6623296179399065,0.6558914769441087,0.44627742800434445,0.31925855546936077,0.10633102057199742,0.36459426618538826,209,0.6323452126062394
US,5,correlation_dimension,0.2410313044435828,0.22067187198766144,0.7680816406168661,0.6012295867057791,0.1567057478980912,0.17280686805271295,209,0.20419624119012125
US,5,embedding_dimension,0.06916200653350643,0.06699846028356725,1.89792663476874,2.0,0.2141720105835687,0.13300867965897178,209,0.049639425771440225
US,5,selected_delay_tau,0.17685008199793426,0.23445971206682312,0.9409888357256778,1.0,0.22286854686399407,0.019099391920466363,209,0.2223613151276001
US,20,hurst_rs,0.748284051809977,0.6711109066372224,0.028692298804607774,0.022441431584435234,0.04238840515827055,0.25619232740941494,209,0.6561818700088381
US,20,hurst_dfa,0.7592503155694127,0.714421105210579,0.04091820617168319,0.03433922941944334,0.06738973026479633,0.2464516057004095,209,0.6987290384123188
US,20,acf_lag_2,0.8417124043728728,0.820167989904832,0.021740352620358377,0.016535039794694242,5.519585983001309,0.19364084380139798,209,0.5345066485646967
US,20,acf_lag_5,0.8167403329382162,0.8138133796028534,0.025543149963070347,0.020447702253212987,1.6505565862046778,0.35714087013660456,209,0.7134285067857892
US,20,acf_lag_10,0.8590779189376221,0.8267938202148729,0.01997624416355846,0.014191360594662833,1.5224448876937124,0.21580263576349124,209,0.7398814440420127
US,20,acf_lag_25,0.8484374386641081,0.8480287256603046,0.022069943781033566,0.016882439298024757,5.64090685676932,0.42582015284158753,209,0.5446923751797592
US,20,acf_lag_50,0.7273603037033313,0.7298118548118548,0.01851469453889628,0.012657084136928155,3.738098952894377,0.12693194070608557,209,0.5365603101318317
US,20,acf_lag_100,0.7055949805173456,0.7043947280789385,0.017868187278658597,0.013530799814182448,1.8813163647183957,0.2271172813695348,209,0.598973045774542
US,20,abs_acf_lag_2,0.7259277027183958,0.7263188565820146,0.0387387641712268,0.02798261669436225,0.22732672149801894,0.11992821629016404,209,0.7089561096926055
US,20,abs_acf_lag_5,0.7244807835676087,0.7566135618767199,0.03235816682282785,0.0249848919967437,0.7269821098020852,0.04511196206548133,209,0.7180088582833416
US,20,abs_acf_lag_10,0.7273242956957581,0.7360301978723031,0.03375021735695647,0.023892016115646307,0.5814734020889858,0.1848922633935949,209,0.697711914598174
US,20,abs_acf_lag_25,0.6285652864979832,0.6804436791278897,0.03139742009206479,0.021709955034243784,0.9500949682964149,0.21965160412468374,209,0.6219563505068347
US,20,abs_acf_lag_50,0.6582202110625666,0.6265786844734212,0.0345547882408769,0.027015599057258796,1.9458975653027542,0.7924034889800394,209,0.48966363175928157
US,20,vr_q10,0.8737998898313518,0.86441672362725,0.07812174552208817,0.053527231629908134,0.0809631978144811,0.128885989709881,209,0.8539242642510319
US,20,lb_ret_stat_50,0.8412046201075851,0.7768775084564559,17.204043621417995,11.075774207284873,0.14987428042539594,0.17353640511671642,209,0.7607069741793503
US,20,lz_complexity,0.6448313510336751,0.6007853222108289,0.025450271016665544,0.021365688702855268,0.01877937083103267,3.6140556385626468,209,0.4191435717411449
US,20,permutation_entropy,0.6873198179736201,0.539908906872001,0.001063329442648198,0.000620577585333626,0.000850546757707852,0.6012987554299616,209,0.5098014417626175
US,20,spectral_flatness,0.6539356144719061,0.5895911106437423,0.12309684416677774,0.13462762046891474,0.11629856671510204,6.815996900523554,209,0.2429763372818094
US,20,kurtosis,0.8730873092414635,0.7640000350526667,4.326457805056038,1.2819340533784995,0.3172974415776816,0.37688345564005127,209,0.72929099019178
US,20,robust_kurtosis,0.7537996528345229,0.6409638607007028,0.08443733111475601,0.061764120333054784,0.04454878166586636,0.19307098283518098,209,0.6290828724756503
US,20,tail_ratio_upper,0.772220478084578,0.7761085405822249,0.614935001581148,0.41529556489240615,0.08358608015625135,0.2063340171436379,209,0.7616125357172304
US,20,hill_tail_index,0.6566764536203261,0.6579446868920553,0.4504561044118019,0.31088504212740364,0.10686436638082186,0.38319547917609514,209,0.6334416946142095
US,20,correlation_dimension,0.189808959396173,0.15004951189161717,0.8220851316011087,0.6392421180267585,0.16858636519326434,0.17829326662876466,209,0.1327055303005157
US,20,embedding_dimension,0.06260115216679657,0.05910837364924542,1.89792663476874,2.0,0.21388418352567495,0.16722779883305586,209,0.04005277453130888
US,20,selected_delay_tau,0.26930947714175646,0.28764938608613705,0.8421052631578947,1.0,0.20288758226492798,0.019988892532227475,209,0.27650556234627927
