horizon,scenario,model_name,family,rmse,n_predictions,share_squared_error,winner_rank
1,contribution_top_1pct_by_abs_y_true,__all_models__,all,0.4078376026372175,65989,0.7389347523284684,
1,contribution_top_5pct_by_abs_y_true,__all_models__,all,0.19437805075061088,329923,0.8392030477327497,
1,contribution_top_1pct_by_sq_err,__all_models__,all,0.4140119665430459,65983,0.7614087441582658,
1,contribution_top_5pct_by_sq_err,__all_models__,all,0.1975895485274857,329915,0.8671415851559114,
1,original,chaotic_esn,chaos_inspired,0.05195676425637258,599844,,11.0
1,original,chaotic_logistic_net,chaos_inspired,0.048460210444022565,599844,,10.0
1,original,chaotic_lstm_forecast,chaos_inspired,0.046684202981407526,599844,,6.0
1,original,chaotic_mlp,chaos_inspired,0.04734229440764921,599844,,8.0
1,original,esn,neural_or_reservoir,0.04644524924567678,599844,,3.0
1,original,lstm_forecast,neural_or_reservoir,0.046294214119334695,599844,,1.0
1,original,naive_mean,baseline,0.04667517619662725,599844,,5.0
1,original,naive_zero,baseline,0.04666735369998298,599844,,4.0
1,original,ridge_lag,linear,0.046976853171672564,599844,,7.0
1,original,transient_chaotic_esn,chaos_inspired,0.04634041763636906,599844,,2.0
1,original,vanilla_mlp,neural_or_reservoir,0.047784054035659884,599844,,9.0
1,trim_top_1pct_by_abs_y_true,chaotic_esn,chaos_inspired,0.03385934150477124,593845,,11.0
1,trim_top_1pct_by_abs_y_true,chaotic_logistic_net,chaos_inspired,0.02566641430230633,593845,,10.0
1,trim_top_1pct_by_abs_y_true,chaotic_lstm_forecast,chaos_inspired,0.0221568075520519,593845,,3.0
1,trim_top_1pct_by_abs_y_true,chaotic_mlp,chaos_inspired,0.023334607256611652,593845,,6.0
1,trim_top_1pct_by_abs_y_true,esn,neural_or_reservoir,0.023376002998951116,593845,,7.0
1,trim_top_1pct_by_abs_y_true,lstm_forecast,neural_or_reservoir,0.022177161728752885,593845,,4.0
1,trim_top_1pct_by_abs_y_true,naive_mean,baseline,0.022081159084792017,593845,,2.0
1,trim_top_1pct_by_abs_y_true,naive_zero,baseline,0.022064226754979203,593845,,1.0
1,trim_top_1pct_by_abs_y_true,ridge_lag,linear,0.02296533620370982,593845,,5.0
1,trim_top_1pct_by_abs_y_true,transient_chaotic_esn,chaos_inspired,0.023490291910850464,593845,,8.0
1,trim_top_1pct_by_abs_y_true,vanilla_mlp,neural_or_reservoir,0.02444425327085689,593845,,9.0
1,winsorize_top_1pct_by_abs_y_true,chaotic_esn,chaos_inspired,0.03583161740924013,599844,,11.0
1,winsorize_top_1pct_by_abs_y_true,chaotic_logistic_net,chaos_inspired,0.02793090074334211,599844,,10.0
1,winsorize_top_1pct_by_abs_y_true,chaotic_lstm_forecast,chaos_inspired,0.02478372335263081,599844,,3.0
1,winsorize_top_1pct_by_abs_y_true,chaotic_mlp,chaos_inspired,0.025820618269894346,599844,,6.0
1,winsorize_top_1pct_by_abs_y_true,esn,neural_or_reservoir,0.026005243146546703,599844,,7.0
1,winsorize_top_1pct_by_abs_y_true,lstm_forecast,neural_or_reservoir,0.02478547381323687,599844,,4.0
1,winsorize_top_1pct_by_abs_y_true,naive_mean,baseline,0.024700761934471547,599844,,2.0
1,winsorize_top_1pct_by_abs_y_true,naive_zero,baseline,0.02468614360044621,599844,,1.0
1,winsorize_top_1pct_by_abs_y_true,ridge_lag,linear,0.025516833042434586,599844,,5.0
1,winsorize_top_1pct_by_abs_y_true,transient_chaotic_esn,chaos_inspired,0.026117462455691597,599844,,8.0
1,winsorize_top_1pct_by_abs_y_true,vanilla_mlp,neural_or_reservoir,0.027048369977135736,599844,,9.0
1,trim_top_5pct_by_abs_y_true,chaotic_esn,chaos_inspired,0.03020740064810726,569851,,11.0
1,trim_top_5pct_by_abs_y_true,chaotic_logistic_net,chaos_inspired,0.021178108552469436,569851,,10.0
1,trim_top_5pct_by_abs_y_true,chaotic_lstm_forecast,chaos_inspired,0.01677354346313354,569851,,3.0
1,trim_top_5pct_by_abs_y_true,chaotic_mlp,chaos_inspired,0.018309585938418894,569851,,7.0
1,trim_top_5pct_by_abs_y_true,esn,neural_or_reservoir,0.018244413529238314,569851,,6.0
1,trim_top_5pct_by_abs_y_true,lstm_forecast,neural_or_reservoir,0.016790694991475667,569851,,4.0
1,trim_top_5pct_by_abs_y_true,naive_mean,baseline,0.016663226281972518,569851,,2.0
1,trim_top_5pct_by_abs_y_true,naive_zero,baseline,0.01663838510575099,569851,,1.0
1,trim_top_5pct_by_abs_y_true,ridge_lag,linear,0.017781999457157468,569851,,5.0
1,trim_top_5pct_by_abs_y_true,transient_chaotic_esn,chaos_inspired,0.018392814866239792,569851,,8.0
1,trim_top_5pct_by_abs_y_true,vanilla_mlp,neural_or_reservoir,0.01974847978494777,569851,,9.0
1,winsorize_top_5pct_by_abs_y_true,chaotic_esn,chaos_inspired,0.032915272216113615,599844,,11.0
1,winsorize_top_5pct_by_abs_y_true,chaotic_logistic_net,chaos_inspired,0.023974099668305764,599844,,10.0
1,winsorize_top_5pct_by_abs_y_true,chaotic_lstm_forecast,chaos_inspired,0.020235912121689275,599844,,4.0
1,winsorize_top_5pct_by_abs_y_true,chaotic_mlp,chaos_inspired,0.021477599030762722,599844,,6.0
1,winsorize_top_5pct_by_abs_y_true,esn,neural_or_reservoir,0.02181526198382461,599844,,7.0
1,winsorize_top_5pct_by_abs_y_true,lstm_forecast,neural_or_reservoir,0.020233608608343,599844,,3.0
1,winsorize_top_5pct_by_abs_y_true,naive_mean,baseline,0.02009731857244004,599844,,2.0
1,winsorize_top_5pct_by_abs_y_true,naive_zero,baseline,0.02007803230402013,599844,,1.0
1,winsorize_top_5pct_by_abs_y_true,ridge_lag,linear,0.021145482305552923,599844,,5.0
1,winsorize_top_5pct_by_abs_y_true,transient_chaotic_esn,chaos_inspired,0.021954878399152514,599844,,8.0
1,winsorize_top_5pct_by_abs_y_true,vanilla_mlp,neural_or_reservoir,0.022943422260694683,599844,,9.0
1,trim_top_1pct_by_sq_err,chaotic_esn,chaos_inspired,0.0262987520503153,590220,,11.0
1,trim_top_1pct_by_sq_err,chaotic_logistic_net,chaos_inspired,0.025741851892909357,594200,,10.0
1,trim_top_1pct_by_sq_err,chaotic_lstm_forecast,chaos_inspired,0.022357812980192352,594347,,3.0
1,trim_top_1pct_by_sq_err,chaotic_mlp,chaos_inspired,0.023417322885081006,594269,,9.0
1,trim_top_1pct_by_sq_err,esn,neural_or_reservoir,0.022693591227427954,594024,,6.0
1,trim_top_1pct_by_sq_err,lstm_forecast,neural_or_reservoir,0.02239123214013793,594351,,4.0
1,trim_top_1pct_by_sq_err,naive_mean,baseline,0.02233401624446803,594368,,2.0
1,trim_top_1pct_by_sq_err,naive_zero,baseline,0.02232697069300751,594385,,1.0
1,trim_top_1pct_by_sq_err,ridge_lag,linear,0.022730098149828425,594140,,7.0
1,trim_top_1pct_by_sq_err,transient_chaotic_esn,chaos_inspired,0.022672673911710413,594011,,5.0
1,trim_top_1pct_by_sq_err,vanilla_mlp,neural_or_reservoir,0.022847858140400374,593986,,8.0
1,winsorize_top_1pct_by_sq_err,chaotic_esn,chaos_inspired,0.03006399842975645,599844,,11.0
1,winsorize_top_1pct_by_sq_err,chaotic_logistic_net,chaos_inspired,0.028060148826414444,599844,,10.0
1,winsorize_top_1pct_by_sq_err,chaotic_lstm_forecast,chaos_inspired,0.024956839653338832,599844,,3.0
1,winsorize_top_1pct_by_sq_err,chaotic_mlp,chaos_inspired,0.02593525050173977,599844,,9.0
1,winsorize_top_1pct_by_sq_err,esn,neural_or_reservoir,0.025397836686032883,599844,,7.0
1,winsorize_top_1pct_by_sq_err,lstm_forecast,neural_or_reservoir,0.02498471819567064,599844,,4.0
1,winsorize_top_1pct_by_sq_err,naive_mean,baseline,0.024926296332924685,599844,,2.0
1,winsorize_top_1pct_by_sq_err,naive_zero,baseline,0.02491240892094881,599844,,1.0
1,winsorize_top_1pct_by_sq_err,ridge_lag,linear,0.025379135846817738,599844,,5.0
1,winsorize_top_1pct_by_sq_err,transient_chaotic_esn,chaos_inspired,0.025385052442398526,599844,,6.0
1,winsorize_top_1pct_by_sq_err,vanilla_mlp,neural_or_reservoir,0.025551050213796993,599844,,8.0
1,trim_top_5pct_by_sq_err,chaotic_esn,chaos_inspired,0.019188514563791913,556640,,10.0
1,trim_top_5pct_by_sq_err,chaotic_logistic_net,chaos_inspired,0.0204129906242819,567030,,11.0
1,trim_top_5pct_by_sq_err,chaotic_lstm_forecast,chaos_inspired,0.01703353367709104,572323,,3.0
1,trim_top_5pct_by_sq_err,chaotic_mlp,chaos_inspired,0.01811988931970951,570948,,9.0
1,trim_top_5pct_by_sq_err,esn,neural_or_reservoir,0.017214256708773468,571081,,5.0
1,trim_top_5pct_by_sq_err,lstm_forecast,neural_or_reservoir,0.017052202606443637,572262,,4.0
1,trim_top_5pct_by_sq_err,naive_mean,baseline,0.017006769289387835,572390,,2.0
1,trim_top_5pct_by_sq_err,naive_zero,baseline,0.016987662368024167,572391,,1.0
1,trim_top_5pct_by_sq_err,ridge_lag,linear,0.017268132099065223,571241,,7.0
1,trim_top_5pct_by_sq_err,transient_chaotic_esn,chaos_inspired,0.01721758939250698,571177,,6.0
1,trim_top_5pct_by_sq_err,vanilla_mlp,neural_or_reservoir,0.017392655520191088,570886,,8.0
1,winsorize_top_5pct_by_sq_err,chaotic_esn,chaos_inspired,0.02370278365302198,599844,,11.0
1,winsorize_top_5pct_by_sq_err,chaotic_logistic_net,chaos_inspired,0.023687477719052476,599844,,10.0
1,winsorize_top_5pct_by_sq_err,chaotic_lstm_forecast,chaos_inspired,0.02042206108162597,599844,,3.0
1,winsorize_top_5pct_by_sq_err,chaotic_mlp,chaos_inspired,0.0214418085780802,599844,,9.0
1,winsorize_top_5pct_by_sq_err,esn,neural_or_reservoir,0.02070461112770617,599844,,6.0
1,winsorize_top_5pct_by_sq_err,lstm_forecast,neural_or_reservoir,0.020443800477290348,599844,,4.0
1,winsorize_top_5pct_by_sq_err,naive_mean,baseline,0.020393190618157298,599844,,2.0
1,winsorize_top_5pct_by_sq_err,naive_zero,baseline,0.02037787546179812,599844,,1.0
1,winsorize_top_5pct_by_sq_err,ridge_lag,linear,0.020729540846552954,599844,,7.0
1,winsorize_top_5pct_by_sq_err,transient_chaotic_esn,chaos_inspired,0.020696580714175284,599844,,5.0
1,winsorize_top_5pct_by_sq_err,vanilla_mlp,neural_or_reservoir,0.020867534143811373,599844,,8.0
5,contribution_top_1pct_by_abs_y_true,__all_models__,all,0.6153178406387939,66814,0.566150213816886,
5,contribution_top_5pct_by_abs_y_true,__all_models__,all,0.31457294990945106,334070,0.7398529594739487,
5,contribution_top_1pct_by_sq_err,__all_models__,all,0.6272234474645874,66811,0.5882443044247071,
5,contribution_top_5pct_by_sq_err,__all_models__,all,0.320962619942167,334053,0.7701751068361256,
5,original,chaotic_esn,chaos_inspired,0.09293115982061624,607368,,11.0
5,original,chaotic_logistic_net,chaos_inspired,0.08172774726094474,607368,,10.0
5,original,chaotic_lstm_forecast,chaos_inspired,0.08015424202201563,607368,,4.0
5,original,chaotic_mlp,chaos_inspired,0.08058423891867793,607368,,5.0
5,original,esn,neural_or_reservoir,0.08088274164865104,607368,,7.0
5,original,lstm_forecast,neural_or_reservoir,0.08003650102021649,607368,,3.0
5,original,naive_mean,baseline,0.07972724144293897,607368,,2.0
5,original,naive_zero,baseline,0.0796179232331242,607368,,1.0
5,original,ridge_lag,linear,0.0806934675614873,607368,,6.0
5,original,transient_chaotic_esn,chaos_inspired,0.08137642546455565,607368,,9.0
5,original,vanilla_mlp,neural_or_reservoir,0.08096890999090453,607368,,8.0
5,trim_top_1pct_by_abs_y_true,chaotic_esn,chaos_inspired,0.07003197774625838,601294,,11.0
5,trim_top_1pct_by_abs_y_true,chaotic_logistic_net,chaos_inspired,0.053600807813606856,601294,,8.0
5,trim_top_1pct_by_abs_y_true,chaotic_lstm_forecast,chaos_inspired,0.051241412218646074,601294,,4.0
5,trim_top_1pct_by_abs_y_true,chaotic_mlp,chaos_inspired,0.05233699037629637,601294,,5.0
5,trim_top_1pct_by_abs_y_true,esn,neural_or_reservoir,0.05365038475880391,601294,,9.0
5,trim_top_1pct_by_abs_y_true,lstm_forecast,neural_or_reservoir,0.050834735761872064,601294,,3.0
5,trim_top_1pct_by_abs_y_true,naive_mean,baseline,0.05057123998004019,601294,,2.0
5,trim_top_1pct_by_abs_y_true,naive_zero,baseline,0.05039832307787049,601294,,1.0
5,trim_top_1pct_by_abs_y_true,ridge_lag,linear,0.05309970852358392,601294,,7.0
5,trim_top_1pct_by_abs_y_true,transient_chaotic_esn,chaos_inspired,0.054531949053265596,601294,,10.0
5,trim_top_1pct_by_abs_y_true,vanilla_mlp,neural_or_reservoir,0.05238103437689477,601294,,6.0
5,winsorize_top_1pct_by_abs_y_true,chaotic_esn,chaos_inspired,0.07468490208779509,607368,,11.0
5,winsorize_top_1pct_by_abs_y_true,chaotic_logistic_net,chaos_inspired,0.058981172152021574,607368,,8.0
5,winsorize_top_1pct_by_abs_y_true,chaotic_lstm_forecast,chaos_inspired,0.05685353876630404,607368,,4.0
5,winsorize_top_1pct_by_abs_y_true,chaotic_mlp,chaos_inspired,0.057818445619057905,607368,,5.0
5,winsorize_top_1pct_by_abs_y_true,esn,neural_or_reservoir,0.05920006306430086,607368,,9.0
5,winsorize_top_1pct_by_abs_y_true,lstm_forecast,neural_or_reservoir,0.0564962771056822,607368,,3.0
5,winsorize_top_1pct_by_abs_y_true,naive_mean,baseline,0.056204869511068706,607368,,2.0
5,winsorize_top_1pct_by_abs_y_true,naive_zero,baseline,0.056047470761059294,607368,,1.0
5,winsorize_top_1pct_by_abs_y_true,ridge_lag,linear,0.058631415582039194,607368,,7.0
5,winsorize_top_1pct_by_abs_y_true,transient_chaotic_esn,chaos_inspired,0.06001692502486424,607368,,10.0
5,winsorize_top_1pct_by_abs_y_true,vanilla_mlp,neural_or_reservoir,0.05794878923437601,607368,,6.0
5,trim_top_5pct_by_abs_y_true,chaotic_esn,chaos_inspired,0.06026466752950551,576998,,11.0
5,trim_top_5pct_by_abs_y_true,chaotic_logistic_net,chaos_inspired,0.04229771425810567,576998,,8.0
5,trim_top_5pct_by_abs_y_true,chaotic_lstm_forecast,chaos_inspired,0.039110225210705084,576998,,4.0
5,trim_top_5pct_by_abs_y_true,chaotic_mlp,chaos_inspired,0.04075586113580062,576998,,5.0
5,trim_top_5pct_by_abs_y_true,esn,neural_or_reservoir,0.04234154737528984,576998,,9.0
5,trim_top_5pct_by_abs_y_true,lstm_forecast,neural_or_reservoir,0.03881072624179066,576998,,3.0
5,trim_top_5pct_by_abs_y_true,naive_mean,baseline,0.03847939394798616,576998,,2.0
5,trim_top_5pct_by_abs_y_true,naive_zero,baseline,0.03826522456867782,576998,,1.0
5,trim_top_5pct_by_abs_y_true,ridge_lag,linear,0.041696375673863605,576998,,7.0
5,trim_top_5pct_by_abs_y_true,transient_chaotic_esn,chaos_inspired,0.043460679843035394,576998,,10.0
5,trim_top_5pct_by_abs_y_true,vanilla_mlp,neural_or_reservoir,0.04077495376147848,576998,,6.0
5,winsorize_top_5pct_by_abs_y_true,chaotic_esn,chaos_inspired,0.06761437098705665,607368,,11.0
5,winsorize_top_5pct_by_abs_y_true,chaotic_logistic_net,chaos_inspired,0.04959249696818121,607368,,8.0
5,winsorize_top_5pct_by_abs_y_true,chaotic_lstm_forecast,chaos_inspired,0.047072308894158574,607368,,4.0
5,winsorize_top_5pct_by_abs_y_true,chaotic_mlp,chaos_inspired,0.04826245560601793,607368,,5.0
5,winsorize_top_5pct_by_abs_y_true,esn,neural_or_reservoir,0.04998580701694055,607368,,9.0
5,winsorize_top_5pct_by_abs_y_true,lstm_forecast,neural_or_reservoir,0.04661294843505139,607368,,3.0
5,winsorize_top_5pct_by_abs_y_true,naive_mean,baseline,0.04627366979847425,607368,,2.0
5,winsorize_top_5pct_by_abs_y_true,naive_zero,baseline,0.04608311653541014,607368,,1.0
5,winsorize_top_5pct_by_abs_y_true,ridge_lag,linear,0.04927794494615853,607368,,7.0
5,winsorize_top_5pct_by_abs_y_true,transient_chaotic_esn,chaos_inspired,0.05097062135857345,607368,,10.0
5,winsorize_top_5pct_by_abs_y_true,vanilla_mlp,neural_or_reservoir,0.048384425278816534,607368,,6.0
5,trim_top_1pct_by_sq_err,chaotic_esn,chaos_inspired,0.05877774090254304,597896,,11.0
5,trim_top_1pct_by_sq_err,chaotic_logistic_net,chaos_inspired,0.053823807834117075,601645,,10.0
5,trim_top_1pct_by_sq_err,chaotic_lstm_forecast,chaos_inspired,0.051267856577312546,601747,,3.0
5,trim_top_1pct_by_sq_err,chaotic_mlp,chaos_inspired,0.05241558637508998,601630,,7.0
5,trim_top_1pct_by_sq_err,esn,neural_or_reservoir,0.05257209847136818,601435,,8.0
5,trim_top_1pct_by_sq_err,lstm_forecast,neural_or_reservoir,0.051286688911515374,601793,,4.0
5,trim_top_1pct_by_sq_err,naive_mean,baseline,0.05110078748686712,601821,,2.0
5,trim_top_1pct_by_sq_err,naive_zero,baseline,0.05095422204887823,601836,,1.0
5,trim_top_1pct_by_sq_err,ridge_lag,linear,0.05237940684761975,601499,,6.0
5,trim_top_1pct_by_sq_err,transient_chaotic_esn,chaos_inspired,0.05290838095049626,601376,,9.0
5,trim_top_1pct_by_sq_err,vanilla_mlp,neural_or_reservoir,0.052246211711925186,601559,,5.0
5,winsorize_top_1pct_by_sq_err,chaotic_esn,chaos_inspired,0.066742374123029,607368,,11.0
5,winsorize_top_1pct_by_sq_err,chaotic_logistic_net,chaos_inspired,0.05921395205595196,607368,,10.0
5,winsorize_top_1pct_by_sq_err,chaotic_lstm_forecast,chaos_inspired,0.0568270144981973,607368,,4.0
5,winsorize_top_1pct_by_sq_err,chaotic_mlp,chaos_inspired,0.05796286633802823,607368,,6.0
5,winsorize_top_1pct_by_sq_err,esn,neural_or_reservoir,0.0582818461711004,607368,,8.0
5,winsorize_top_1pct_by_sq_err,lstm_forecast,neural_or_reservoir,0.05680057686594119,607368,,3.0
5,winsorize_top_1pct_by_sq_err,naive_mean,baseline,0.05660788037759405,607368,,2.0
5,winsorize_top_1pct_by_sq_err,naive_zero,baseline,0.056462612536252295,607368,,1.0
5,winsorize_top_1pct_by_sq_err,ridge_lag,linear,0.05805099522237043,607368,,7.0
5,winsorize_top_1pct_by_sq_err,transient_chaotic_esn,chaos_inspired,0.0586360739083473,607368,,9.0
5,winsorize_top_1pct_by_sq_err,vanilla_mlp,neural_or_reservoir,0.0578767030028131,607368,,5.0
5,trim_top_5pct_by_sq_err,chaotic_esn,chaos_inspired,0.04297974057192386,564875,,11.0
5,trim_top_5pct_by_sq_err,chaotic_logistic_net,chaos_inspired,0.04174749185728803,577163,,10.0
5,trim_top_5pct_by_sq_err,chaotic_lstm_forecast,chaos_inspired,0.03928386568945569,579123,,3.0
5,trim_top_5pct_by_sq_err,chaotic_mlp,chaos_inspired,0.040214042375241225,577984,,8.0
5,trim_top_5pct_by_sq_err,esn,neural_or_reservoir,0.04018199621332374,577350,,7.0
5,trim_top_5pct_by_sq_err,lstm_forecast,neural_or_reservoir,0.03931598711500878,579186,,4.0
5,trim_top_5pct_by_sq_err,naive_mean,baseline,0.039143038857520435,579306,,2.0
5,trim_top_5pct_by_sq_err,naive_zero,baseline,0.039032681075911485,579485,,1.0
5,trim_top_5pct_by_sq_err,ridge_lag,linear,0.04004823470770401,577643,,6.0
5,trim_top_5pct_by_sq_err,transient_chaotic_esn,chaos_inspired,0.04037583529180388,576841,,9.0
5,trim_top_5pct_by_sq_err,vanilla_mlp,neural_or_reservoir,0.04003605214812984,578039,,5.0
5,winsorize_top_5pct_by_sq_err,chaotic_esn,chaos_inspired,0.05323096985089993,607368,,11.0
5,winsorize_top_5pct_by_sq_err,chaotic_logistic_net,chaos_inspired,0.0494885271818292,607368,,10.0
5,winsorize_top_5pct_by_sq_err,chaotic_lstm_forecast,chaos_inspired,0.04704187219815823,607368,,3.0
5,winsorize_top_5pct_by_sq_err,chaotic_mlp,chaos_inspired,0.04806572690025396,607368,,7.0
5,winsorize_top_5pct_by_sq_err,esn,neural_or_reservoir,0.048195649184479016,607368,,8.0
5,winsorize_top_5pct_by_sq_err,lstm_forecast,neural_or_reservoir,0.04705158383393045,607368,,4.0
5,winsorize_top_5pct_by_sq_err,naive_mean,baseline,0.046883518582374994,607368,,2.0
5,winsorize_top_5pct_by_sq_err,naive_zero,baseline,0.046750246660747403,607368,,1.0
5,winsorize_top_5pct_by_sq_err,ridge_lag,linear,0.048017717816951695,607368,,6.0
5,winsorize_top_5pct_by_sq_err,transient_chaotic_esn,chaos_inspired,0.04847329238898201,607368,,9.0
5,winsorize_top_5pct_by_sq_err,vanilla_mlp,neural_or_reservoir,0.04791056988601823,607368,,5.0
20,contribution_top_1pct_by_abs_y_true,__all_models__,all,0.9729114170524669,66275,0.42924415946732647,
20,contribution_top_5pct_by_abs_y_true,__all_models__,all,0.5307861585157809,331331,0.6387182244516078,
20,contribution_top_1pct_by_sq_err,__all_models__,all,1.0085860890240015,66266,0.46123766234158037,
20,contribution_top_5pct_by_sq_err,__all_models__,all,0.5471031762075772,331330,0.6785897434266503,
20,original,chaotic_esn,chaos_inspired,0.17052720984021122,602418,,11.0
20,original,chaotic_logistic_net,chaos_inspired,0.1486946553555987,602418,,9.0
20,original,chaotic_lstm_forecast,chaos_inspired,0.14489426575255213,602418,,5.0
20,original,chaotic_mlp,chaos_inspired,0.14741228673668658,602418,,7.0
20,original,esn,neural_or_reservoir,0.14764929131016905,602418,,8.0
20,original,lstm_forecast,neural_or_reservoir,0.14390588284506348,602418,,3.0
20,original,naive_mean,baseline,0.14374326650552965,602418,,2.0
20,original,naive_zero,baseline,0.14282117193543215,602418,,1.0
20,original,ridge_lag,linear,0.14441938563274045,602418,,4.0
20,original,transient_chaotic_esn,chaos_inspired,0.15141048939313723,602418,,10.0
20,original,vanilla_mlp,neural_or_reservoir,0.14606883509025753,602418,,6.0
20,trim_top_1pct_by_abs_y_true,chaotic_esn,chaos_inspired,0.13557712516031104,596393,,11.0
20,trim_top_1pct_by_abs_y_true,chaotic_logistic_net,chaos_inspired,0.11293600317756411,596393,,9.0
20,trim_top_1pct_by_abs_y_true,chaotic_lstm_forecast,chaos_inspired,0.10822434407493196,596393,,4.0
20,trim_top_1pct_by_abs_y_true,chaotic_mlp,chaos_inspired,0.111726803444398,596393,,8.0
20,trim_top_1pct_by_abs_y_true,esn,neural_or_reservoir,0.11107574158846731,596393,,6.0
20,trim_top_1pct_by_abs_y_true,lstm_forecast,neural_or_reservoir,0.10697174667726969,596393,,3.0
20,trim_top_1pct_by_abs_y_true,naive_mean,baseline,0.10653052478215154,596393,,2.0
20,trim_top_1pct_by_abs_y_true,naive_zero,baseline,0.10523670924983879,596393,,1.0
20,trim_top_1pct_by_abs_y_true,ridge_lag,linear,0.11027338426918407,596393,,5.0
20,trim_top_1pct_by_abs_y_true,transient_chaotic_esn,chaos_inspired,0.11705701497532395,596393,,10.0
20,trim_top_1pct_by_abs_y_true,vanilla_mlp,neural_or_reservoir,0.1116570188012088,596393,,7.0
20,winsorize_top_1pct_by_abs_y_true,chaotic_esn,chaos_inspired,0.14571271370213168,602418,,11.0
20,winsorize_top_1pct_by_abs_y_true,chaotic_logistic_net,chaos_inspired,0.12226279887854372,602418,,8.0
20,winsorize_top_1pct_by_abs_y_true,chaotic_lstm_forecast,chaos_inspired,0.11800393937976318,602418,,4.0
20,winsorize_top_1pct_by_abs_y_true,chaotic_mlp,chaos_inspired,0.12129641246019941,602418,,7.0
20,winsorize_top_1pct_by_abs_y_true,esn,neural_or_reservoir,0.12098996046014235,602418,,6.0
20,winsorize_top_1pct_by_abs_y_true,lstm_forecast,neural_or_reservoir,0.11680482954676562,602418,,3.0
20,winsorize_top_1pct_by_abs_y_true,naive_mean,baseline,0.11622976915779658,602418,,2.0
20,winsorize_top_1pct_by_abs_y_true,naive_zero,baseline,0.11506709671405552,602418,,1.0
20,winsorize_top_1pct_by_abs_y_true,ridge_lag,linear,0.12015973206173639,602418,,5.0
20,winsorize_top_1pct_by_abs_y_true,transient_chaotic_esn,chaos_inspired,0.1265089289833791,602418,,10.0
20,winsorize_top_1pct_by_abs_y_true,vanilla_mlp,neural_or_reservoir,0.12391005497432862,602418,,9.0
20,trim_top_5pct_by_abs_y_true,chaotic_esn,chaos_inspired,0.11699134004378176,572297,,11.0
20,trim_top_5pct_by_abs_y_true,chaotic_logistic_net,chaos_inspired,0.09189416382510635,572297,,9.0
20,trim_top_5pct_by_abs_y_true,chaotic_lstm_forecast,chaos_inspired,0.08618638728346674,572297,,4.0
20,trim_top_5pct_by_abs_y_true,chaotic_mlp,chaos_inspired,0.09044847485985832,572297,,7.0
20,trim_top_5pct_by_abs_y_true,esn,neural_or_reservoir,0.08975693476512484,572297,,6.0
20,trim_top_5pct_by_abs_y_true,lstm_forecast,neural_or_reservoir,0.0847579343742094,572297,,3.0
20,trim_top_5pct_by_abs_y_true,naive_mean,baseline,0.08419368172390146,572297,,2.0
20,trim_top_5pct_by_abs_y_true,naive_zero,baseline,0.08256610492266107,572297,,1.0
20,trim_top_5pct_by_abs_y_true,ridge_lag,linear,0.08873667016053327,572297,,5.0
20,trim_top_5pct_by_abs_y_true,transient_chaotic_esn,chaos_inspired,0.09639256358503998,572297,,10.0
20,trim_top_5pct_by_abs_y_true,vanilla_mlp,neural_or_reservoir,0.09060048104123358,572297,,8.0
20,winsorize_top_5pct_by_abs_y_true,chaotic_esn,chaos_inspired,0.1325126039531338,602418,,11.0
20,winsorize_top_5pct_by_abs_y_true,chaotic_logistic_net,chaos_inspired,0.10638947737420403,602418,,8.0
20,winsorize_top_5pct_by_abs_y_true,chaotic_lstm_forecast,chaos_inspired,0.1014845017543776,602418,,4.0
20,winsorize_top_5pct_by_abs_y_true,chaotic_mlp,chaos_inspired,0.10527268658507759,602418,,7.0
20,winsorize_top_5pct_by_abs_y_true,esn,neural_or_reservoir,0.10501223168176525,602418,,6.0
20,winsorize_top_5pct_by_abs_y_true,lstm_forecast,neural_or_reservoir,0.10012511771383208,602418,,3.0
20,winsorize_top_5pct_by_abs_y_true,naive_mean,baseline,0.09949940739883593,602418,,2.0
20,winsorize_top_5pct_by_abs_y_true,naive_zero,baseline,0.09810067172900153,602418,,1.0
20,winsorize_top_5pct_by_abs_y_true,ridge_lag,linear,0.10419498545057093,602418,,5.0
20,winsorize_top_5pct_by_abs_y_true,transient_chaotic_esn,chaos_inspired,0.11138571360514275,602418,,10.0
20,winsorize_top_5pct_by_abs_y_true,vanilla_mlp,neural_or_reservoir,0.1086427752044193,602418,,9.0
20,trim_top_1pct_by_sq_err,chaotic_esn,chaos_inspired,0.1122193811092444,594737,,10.0
20,trim_top_1pct_by_sq_err,chaotic_logistic_net,chaos_inspired,0.11271579855662085,596505,,11.0
20,trim_top_1pct_by_sq_err,chaotic_lstm_forecast,chaos_inspired,0.10801730951488417,596668,,4.0
20,trim_top_1pct_by_sq_err,chaotic_mlp,chaos_inspired,0.1114510148024052,596530,,9.0
20,trim_top_1pct_by_sq_err,esn,neural_or_reservoir,0.10981748543913594,596376,,7.0
20,trim_top_1pct_by_sq_err,lstm_forecast,neural_or_reservoir,0.10753456306698572,596828,,3.0
20,trim_top_1pct_by_sq_err,naive_mean,baseline,0.10738989520269628,596935,,2.0
20,trim_top_1pct_by_sq_err,naive_zero,baseline,0.10632436944327482,597004,,1.0
20,trim_top_1pct_by_sq_err,ridge_lag,linear,0.10937361774456722,596427,,6.0
20,trim_top_1pct_by_sq_err,transient_chaotic_esn,chaos_inspired,0.11077635753335895,595809,,8.0
20,trim_top_1pct_by_sq_err,vanilla_mlp,neural_or_reservoir,0.10929841141161609,596513,,5.0
20,winsorize_top_1pct_by_sq_err,chaotic_esn,chaos_inspired,0.12470118818957707,602418,,11.0
20,winsorize_top_1pct_by_sq_err,chaotic_logistic_net,chaos_inspired,0.12239391058725055,602418,,10.0
20,winsorize_top_1pct_by_sq_err,chaotic_lstm_forecast,chaos_inspired,0.11785724975020702,602418,,4.0
20,winsorize_top_1pct_by_sq_err,chaotic_mlp,chaos_inspired,0.12120188750177967,602418,,8.0
20,winsorize_top_1pct_by_sq_err,esn,neural_or_reservoir,0.11996419587025785,602418,,7.0
20,winsorize_top_1pct_by_sq_err,lstm_forecast,neural_or_reservoir,0.11715542645238068,602418,,3.0
20,winsorize_top_1pct_by_sq_err,naive_mean,baseline,0.11684693515901924,602418,,2.0
20,winsorize_top_1pct_by_sq_err,naive_zero,baseline,0.11576203239636347,602418,,1.0
20,winsorize_top_1pct_by_sq_err,ridge_lag,linear,0.11947972117917467,602418,,6.0
20,winsorize_top_1pct_by_sq_err,transient_chaotic_esn,chaos_inspired,0.12173498611482096,602418,,9.0
20,winsorize_top_1pct_by_sq_err,vanilla_mlp,neural_or_reservoir,0.11927245825158773,602418,,5.0
20,trim_top_5pct_by_sq_err,chaotic_esn,chaos_inspired,0.08742782532406401,568795,,9.0
20,trim_top_5pct_by_sq_err,chaotic_logistic_net,chaos_inspired,0.0895220512667695,571243,,11.0
20,trim_top_5pct_by_sq_err,chaotic_lstm_forecast,chaos_inspired,0.08518929024007577,573310,,4.0
20,trim_top_5pct_by_sq_err,chaotic_mlp,chaos_inspired,0.08837191168031526,571818,,10.0
20,trim_top_5pct_by_sq_err,esn,neural_or_reservoir,0.08656163450591646,572113,,7.0
20,trim_top_5pct_by_sq_err,lstm_forecast,neural_or_reservoir,0.08491123599764937,573736,,3.0
20,trim_top_5pct_by_sq_err,naive_mean,baseline,0.08484311311143485,574015,,2.0
20,trim_top_5pct_by_sq_err,naive_zero,baseline,0.08390763291014099,574491,,1.0
20,trim_top_5pct_by_sq_err,ridge_lag,linear,0.08626198347781698,572417,,6.0
20,trim_top_5pct_by_sq_err,transient_chaotic_esn,chaos_inspired,0.0869180150323534,570835,,8.0
20,trim_top_5pct_by_sq_err,vanilla_mlp,neural_or_reservoir,0.086154175775187,572495,,5.0
20,winsorize_top_5pct_by_sq_err,chaotic_esn,chaos_inspired,0.10484841658652225,602418,,10.0
20,winsorize_top_5pct_by_sq_err,chaotic_logistic_net,chaos_inspired,0.10535992383799465,602418,,11.0
20,winsorize_top_5pct_by_sq_err,chaotic_lstm_forecast,chaos_inspired,0.10087448510174807,602418,,4.0
20,winsorize_top_5pct_by_sq_err,chaotic_mlp,chaos_inspired,0.10416129322101966,602418,,9.0
20,winsorize_top_5pct_by_sq_err,esn,neural_or_reservoir,0.10256471366174506,602418,,7.0
20,winsorize_top_5pct_by_sq_err,lstm_forecast,neural_or_reservoir,0.100438561072159,602418,,3.0
20,winsorize_top_5pct_by_sq_err,naive_mean,baseline,0.10024415408080461,602418,,2.0
20,winsorize_top_5pct_by_sq_err,naive_zero,baseline,0.09925005860297458,602418,,1.0
20,winsorize_top_5pct_by_sq_err,ridge_lag,linear,0.10217608246646563,602418,,6.0
20,winsorize_top_5pct_by_sq_err,transient_chaotic_esn,chaos_inspired,0.1034685443232099,602418,,8.0
20,winsorize_top_5pct_by_sq_err,vanilla_mlp,neural_or_reservoir,0.10205141176879678,602418,,5.0
