config_id,feature_set,algorithm,scaler,space_type,n_clusters_requested,cluster_label,rank_within_cluster,feature_name,z_score,abs_z_score,cluster_mean,global_mean
cfg_0029,base,gmm,identity,pca,2,0,1,kurtosis,-0.19766716295366926,0.19766716295366926,20.86368244868299,40.242218995358584
cfg_0029,base,gmm,identity,pca,2,0,2,lb_ret_stat_50,-0.14122934024966138,0.14122934024966138,93.69221239869874,105.01915321269621
cfg_0029,base,gmm,identity,pca,2,0,3,spectral_flatness,0.11475642107261713,0.11475642107261713,0.9394131416269749,0.9359839834832223
cfg_0029,base,gmm,identity,pca,2,0,4,hill_tail_index,0.06927442454703035,0.06927442454703035,2.7107283297700637,2.6703425530703555
cfg_0029,base,gmm,identity,pca,2,0,5,vr_q10,0.06651443832818843,0.06651443832818843,0.8653504959965355,0.8527129075967099
cfg_0029,base,gmm,identity,pca,2,1,1,kurtosis,1.7238415373866498,1.7238415373866498,209.2410842279945,40.242218995358584
cfg_0029,base,gmm,identity,pca,2,1,2,lb_ret_stat_50,1.2316512231075138,1.2316512231075138,203.80061379988356,105.01915321269621
cfg_0029,base,gmm,identity,pca,2,1,3,spectral_flatness,-1.0007827419123467,1.0007827419123467,0.9060785345551481,0.9359839834832223
cfg_0029,base,gmm,identity,pca,2,1,4,hill_tail_index,-0.6041374233752581,0.6041374233752581,2.318141012084532,2.6703425530703555
cfg_0029,base,gmm,identity,pca,2,1,5,vr_q10,-0.5800677761179291,0.5800677761179291,0.742501380854044,0.8527129075967099
cfg_0185,base,gmm,quantile,pca,4,0,1,spectral_flatness,-1.764897024414677,1.764897024414677,0.8832452264917813,0.9359839834832223
cfg_0185,base,gmm,quantile,pca,4,0,2,robust_kurtosis,1.5333373736913336,1.5333373736913336,1.8911842135562993,1.570934307768045
cfg_0185,base,gmm,quantile,pca,4,0,3,lb_ret_stat_50,1.5042749577832901,1.5042749577832901,225.66570855784673,105.01915321269621
cfg_0185,base,gmm,quantile,pca,4,0,4,abs_acf_lag_25,1.3771704688240753,1.3771704688240753,0.13188895810786908,0.06670818109672769
cfg_0185,base,gmm,quantile,pca,4,0,5,tail_ratio_upper,1.376545904585757,1.376545904585757,14.884035932483226,8.469904291531908
cfg_0185,base,gmm,quantile,pca,4,1,1,abs_acf_lag_2,-1.3427485475334042,1.3427485475334042,0.09418911881865284,0.20528365954371028
cfg_0185,base,gmm,quantile,pca,4,1,2,abs_acf_lag_5,-1.2268742778781014,1.2268742778781014,0.05502438705079936,0.12675023477946817
cfg_0185,base,gmm,quantile,pca,4,1,3,abs_acf_lag_10,-1.0825336040974645,1.0825336040974645,0.03663980875329432,0.09597633635173025
cfg_0185,base,gmm,quantile,pca,4,1,4,abs_acf_lag_25,-0.8925000170307624,0.8925000170307624,0.024466609766640335,0.06670818109672769
cfg_0185,base,gmm,quantile,pca,4,1,5,abs_acf_lag_50,-0.7826253892195311,0.7826253892195311,0.01025806227373359,0.041131476100070945
cfg_0185,base,gmm,quantile,pca,4,2,1,hill_tail_index,-0.6353953715902544,0.6353953715902544,2.2999181755188545,2.6703425530703555
cfg_0185,base,gmm,quantile,pca,4,2,2,tail_ratio_upper,0.3699829505295178,0.3699829505295178,10.193871027183958,8.469904291531908
cfg_0185,base,gmm,quantile,pca,4,2,3,abs_acf_lag_2,0.3666854010433872,0.3666854010433872,0.23562198781398172,0.20528365954371028
cfg_0185,base,gmm,quantile,pca,4,2,4,hurst_rs,0.36301189398414024,0.36301189398414024,0.5643408196625573,0.5520575309458361
cfg_0185,base,gmm,quantile,pca,4,2,5,robust_kurtosis,0.3300329299849031,0.3300329299849031,1.6398643531371493,1.570934307768045
cfg_0185,base,gmm,quantile,pca,4,3,1,hill_tail_index,0.9205821208371348,0.9205821208371348,3.207025812570143,2.6703425530703555
cfg_0185,base,gmm,quantile,pca,4,3,2,tail_ratio_upper,-0.6840459864500559,0.6840459864500559,5.282534374598113,8.469904291531908
cfg_0185,base,gmm,quantile,pca,4,3,3,robust_kurtosis,-0.6424826905446823,0.6424826905446823,1.4367466041042474,1.570934307768045
cfg_0185,base,gmm,quantile,pca,4,3,4,lz_complexity,0.44224679160391833,0.44224679160391833,1.0484121122123207,1.040113722720113
cfg_0185,base,gmm,quantile,pca,4,3,5,acf_lag_25,-0.3941909129257411,0.3941909129257411,-0.02338947582615135,-0.011977912573268126
cfg_0191,base,agglomerative,quantile,pca,3,0,1,hill_tail_index,-0.6945256953361588,0.6945256953361588,2.265446231989936,2.6703425530703555
cfg_0191,base,agglomerative,quantile,pca,3,0,2,tail_ratio_upper,0.6297070471065845,0.6297070471065845,11.404077341570385,8.469904291531908
cfg_0191,base,agglomerative,quantile,pca,3,0,3,robust_kurtosis,0.6157247471524657,0.6157247471524657,1.6995333986467678,1.570934307768045
cfg_0191,base,agglomerative,quantile,pca,3,0,4,abs_acf_lag_2,0.5185003711836764,0.5185003711836764,0.24818265258915934,0.20528365954371028
cfg_0191,base,agglomerative,quantile,pca,3,0,5,lz_complexity,-0.43974439421542444,0.43974439421542444,1.031862288612519,1.040113722720113
cfg_0191,base,agglomerative,quantile,pca,3,1,1,hill_tail_index,0.9144012518890924,0.9144012518890924,3.203422474184036,2.6703425530703555
cfg_0191,base,agglomerative,quantile,pca,3,1,2,tail_ratio_upper,-0.6766429582825204,0.6766429582825204,5.317029408181851,8.469904291531908
cfg_0191,base,agglomerative,quantile,pca,3,1,3,robust_kurtosis,-0.6254962910535344,0.6254962910535344,1.4402943509537394,1.570934307768045
cfg_0191,base,agglomerative,quantile,pca,3,1,4,lz_complexity,0.4425689919039486,0.4425689919039486,1.0484181580302552,1.040113722720113
cfg_0191,base,agglomerative,quantile,pca,3,1,5,hurst_dfa,-0.4077956132553083,0.4077956132553083,0.4842134951459294,0.5046461815203552
cfg_0191,base,agglomerative,quantile,pca,3,2,1,abs_acf_lag_10,-1.1522231247966297,1.1522231247966297,0.03281994195873384,0.09597633635173025
cfg_0191,base,agglomerative,quantile,pca,3,2,2,abs_acf_lag_5,-1.1272281873914713,1.1272281873914713,0.06084992308319738,0.12675023477946817
cfg_0191,base,agglomerative,quantile,pca,3,2,3,abs_acf_lag_2,-1.0790172922956314,1.0790172922956314,0.11600936411275872,0.20528365954371028
cfg_0191,base,agglomerative,quantile,pca,3,2,4,abs_acf_lag_25,-1.0169088984964545,1.0169088984964545,0.01857840075795829,0.06670818109672769
cfg_0191,base,agglomerative,quantile,pca,3,2,5,abs_acf_lag_50,-0.7659422740341187,0.7659422740341187,0.0109161864875996,0.041131476100070945
cfg_0193,base,agglomerative,quantile,pca,5,0,1,hill_tail_index,-0.6876665546420435,0.6876665546420435,2.2694449909292667,2.6703425530703555
cfg_0193,base,agglomerative,quantile,pca,5,0,2,tail_ratio_upper,0.521537114605957,0.521537114605957,10.900050425838408,8.469904291531908
cfg_0193,base,agglomerative,quantile,pca,5,0,3,abs_acf_lag_2,0.44216789788317684,0.44216789788317684,0.24186715809147064,0.20528365954371028
cfg_0193,base,agglomerative,quantile,pca,5,0,4,robust_kurtosis,0.4393822245359514,0.4393822245359514,1.6627028372691057,1.570934307768045
cfg_0193,base,agglomerative,quantile,pca,5,0,5,lz_complexity,-0.35452858294375195,0.35452858294375195,1.0334612917172383,1.040113722720113
cfg_0193,base,agglomerative,quantile,pca,5,1,1,hill_tail_index,1.0529850896538961,1.0529850896538961,3.2842144253659367,2.6703425530703555
cfg_0193,base,agglomerative,quantile,pca,5,1,2,robust_kurtosis,-0.7754717085245467,0.7754717085245467,1.4089707726338423,1.570934307768045
cfg_0193,base,agglomerative,quantile,pca,5,1,3,tail_ratio_upper,-0.7362089336898421,0.7362089336898421,5.039476726276045,8.469904291531908
cfg_0193,base,agglomerative,quantile,pca,5,1,4,lz_complexity,0.538999133194209,0.538999133194209,1.0502275886160894,1.040113722720113
cfg_0193,base,agglomerative,quantile,pca,5,1,5,abs_acf_lag_2,-0.5175998454826154,0.5175998454826154,0.16245917299417534,0.20528365954371028
cfg_0193,base,agglomerative,quantile,pca,5,2,1,abs_acf_lag_10,-1.1522231247966297,1.1522231247966297,0.03281994195873384,0.09597633635173025
cfg_0193,base,agglomerative,quantile,pca,5,2,2,abs_acf_lag_5,-1.1272281873914713,1.1272281873914713,0.06084992308319738,0.12675023477946817
cfg_0193,base,agglomerative,quantile,pca,5,2,3,abs_acf_lag_2,-1.0790172922956314,1.0790172922956314,0.11600936411275872,0.20528365954371028
cfg_0193,base,agglomerative,quantile,pca,5,2,4,abs_acf_lag_25,-1.0169088984964545,1.0169088984964545,0.01857840075795829,0.06670818109672769
cfg_0193,base,agglomerative,quantile,pca,5,2,5,abs_acf_lag_50,-0.7659422740341187,0.7659422740341187,0.0109161864875996,0.041131476100070945
cfg_0193,base,agglomerative,quantile,pca,5,3,1,spectral_flatness,-2.1651028264355454,2.1651028264355454,0.871286253108423,0.9359839834832223
cfg_0193,base,agglomerative,quantile,pca,5,3,2,robust_kurtosis,1.9651283984788428,1.9651283984788428,1.9813672596236613,1.570934307768045
cfg_0193,base,agglomerative,quantile,pca,5,3,3,lb_ret_stat_50,1.9102157413545435,1.9102157413545435,258.223158882057,105.01915321269621
cfg_0193,base,agglomerative,quantile,pca,5,3,4,abs_acf_lag_25,1.834443964765818,1.834443964765818,0.15353147981945775,0.06670818109672769
cfg_0193,base,agglomerative,quantile,pca,5,3,5,abs_acf_lag_5,1.8270172445146469,1.8270172445146469,0.23356179896382204,0.12675023477946817
cfg_0193,base,agglomerative,quantile,pca,5,4,1,abs_acf_lag_10,1.0184812588868906,1.0184812588868906,0.1518019856412194,0.09597633635173025
cfg_0193,base,agglomerative,quantile,pca,5,4,2,abs_acf_lag_25,0.9960241941160544,0.9960241941160544,0.11384949901201452,0.06670818109672769
cfg_0193,base,agglomerative,quantile,pca,5,4,3,abs_acf_lag_50,0.9330129845062803,0.9330129845062803,0.07793745808429255,0.041131476100070945
cfg_0193,base,agglomerative,quantile,pca,5,4,4,hurst_dfa,-0.7274052052373954,0.7274052052373954,0.46819938821844836,0.5046461815203552
cfg_0193,base,agglomerative,quantile,pca,5,4,5,abs_acf_lag_5,0.6741674749481789,0.6741674749481789,0.16616359157050414,0.12675023477946817
cfg_0194,base,agglomerative,quantile,pca,6,0,1,abs_acf_lag_10,-1.1522231247966297,1.1522231247966297,0.03281994195873384,0.09597633635173025
cfg_0194,base,agglomerative,quantile,pca,6,0,2,abs_acf_lag_5,-1.1272281873914713,1.1272281873914713,0.06084992308319738,0.12675023477946817
cfg_0194,base,agglomerative,quantile,pca,6,0,3,abs_acf_lag_2,-1.0790172922956314,1.0790172922956314,0.11600936411275872,0.20528365954371028
cfg_0194,base,agglomerative,quantile,pca,6,0,4,abs_acf_lag_25,-1.0169088984964545,1.0169088984964545,0.01857840075795829,0.06670818109672769
cfg_0194,base,agglomerative,quantile,pca,6,0,5,abs_acf_lag_50,-0.7659422740341187,0.7659422740341187,0.0109161864875996,0.041131476100070945
cfg_0194,base,agglomerative,quantile,pca,6,1,1,hill_tail_index,1.0529850896538961,1.0529850896538961,3.2842144253659367,2.6703425530703555
cfg_0194,base,agglomerative,quantile,pca,6,1,2,robust_kurtosis,-0.7754717085245467,0.7754717085245467,1.4089707726338423,1.570934307768045
cfg_0194,base,agglomerative,quantile,pca,6,1,3,tail_ratio_upper,-0.7362089336898421,0.7362089336898421,5.039476726276045,8.469904291531908
cfg_0194,base,agglomerative,quantile,pca,6,1,4,lz_complexity,0.538999133194209,0.538999133194209,1.0502275886160894,1.040113722720113
cfg_0194,base,agglomerative,quantile,pca,6,1,5,abs_acf_lag_2,-0.5175998454826154,0.5175998454826154,0.16245917299417534,0.20528365954371028
cfg_0194,base,agglomerative,quantile,pca,6,2,1,tail_ratio_upper,1.252509780467253,1.252509780467253,14.30607915989824,8.469904291531908
cfg_0194,base,agglomerative,quantile,pca,6,2,2,hill_tail_index,-0.9886612241760709,0.9886612241760709,2.0939703682082786,2.6703425530703555
cfg_0194,base,agglomerative,quantile,pca,6,2,3,robust_kurtosis,0.945978812318328,0.945978812318328,1.7685096298860423,1.570934307768045
cfg_0194,base,agglomerative,quantile,pca,6,2,4,abs_acf_lag_2,0.816649931182926,0.816649931182926,0.27285055373590816,0.20528365954371028
cfg_0194,base,agglomerative,quantile,pca,6,2,5,lz_complexity,-0.6717558350900769,0.6717558350900769,1.0275087888481826,1.040113722720113
cfg_0194,base,agglomerative,quantile,pca,6,3,1,spectral_flatness,-2.1651028264355454,2.1651028264355454,0.871286253108423,0.9359839834832223
cfg_0194,base,agglomerative,quantile,pca,6,3,2,robust_kurtosis,1.9651283984788428,1.9651283984788428,1.9813672596236613,1.570934307768045
cfg_0194,base,agglomerative,quantile,pca,6,3,3,lb_ret_stat_50,1.9102157413545435,1.9102157413545435,258.223158882057,105.01915321269621
cfg_0194,base,agglomerative,quantile,pca,6,3,4,abs_acf_lag_25,1.834443964765818,1.834443964765818,0.15353147981945775,0.06670818109672769
cfg_0194,base,agglomerative,quantile,pca,6,3,5,abs_acf_lag_5,1.8270172445146469,1.8270172445146469,0.23356179896382204,0.12675023477946817
cfg_0194,base,agglomerative,quantile,pca,6,4,1,abs_acf_lag_10,1.0184812588868906,1.0184812588868906,0.1518019856412194,0.09597633635173025
cfg_0194,base,agglomerative,quantile,pca,6,4,2,abs_acf_lag_25,0.9960241941160544,0.9960241941160544,0.11384949901201452,0.06670818109672769
cfg_0194,base,agglomerative,quantile,pca,6,4,3,abs_acf_lag_50,0.9330129845062803,0.9330129845062803,0.07793745808429255,0.041131476100070945
cfg_0194,base,agglomerative,quantile,pca,6,4,4,hurst_dfa,-0.7274052052373954,0.7274052052373954,0.46819938821844836,0.5046461815203552
cfg_0194,base,agglomerative,quantile,pca,6,4,5,abs_acf_lag_5,0.6741674749481789,0.6741674749481789,0.16616359157050414,0.12675023477946817
cfg_0194,base,agglomerative,quantile,pca,6,5,1,hill_tail_index,-0.5280085125413855,0.5280085125413855,2.362522834285617,2.6703425530703555
cfg_0194,base,agglomerative,quantile,pca,6,5,2,hurst_rs,0.4526050152654205,0.4526050152654205,0.5673723957457869,0.5520575309458361
cfg_0194,base,agglomerative,quantile,pca,6,5,3,hurst_dfa,0.3521627179445832,0.3521627179445832,0.5222913697828933,0.5046461815203552
cfg_0194,base,agglomerative,quantile,pca,6,5,4,abs_acf_lag_25,-0.3405649364613023,0.3405649364613023,0.05058941607539221,0.06670818109672769
cfg_0194,base,agglomerative,quantile,pca,6,5,5,abs_acf_lag_50,-0.32087275141938915,0.32087275141938915,0.028473520740297326,0.041131476100070945
cfg_0195,base,agglomerative,quantile,pca,7,0,1,hill_tail_index,1.0529850896538961,1.0529850896538961,3.2842144253659367,2.6703425530703555
cfg_0195,base,agglomerative,quantile,pca,7,0,2,robust_kurtosis,-0.7754717085245467,0.7754717085245467,1.4089707726338423,1.570934307768045
cfg_0195,base,agglomerative,quantile,pca,7,0,3,tail_ratio_upper,-0.7362089336898421,0.7362089336898421,5.039476726276045,8.469904291531908
cfg_0195,base,agglomerative,quantile,pca,7,0,4,lz_complexity,0.538999133194209,0.538999133194209,1.0502275886160894,1.040113722720113
cfg_0195,base,agglomerative,quantile,pca,7,0,5,abs_acf_lag_2,-0.5175998454826154,0.5175998454826154,0.16245917299417534,0.20528365954371028
cfg_0195,base,agglomerative,quantile,pca,7,1,1,abs_acf_lag_10,1.0184812588868906,1.0184812588868906,0.1518019856412194,0.09597633635173025
cfg_0195,base,agglomerative,quantile,pca,7,1,2,abs_acf_lag_25,0.9960241941160544,0.9960241941160544,0.11384949901201452,0.06670818109672769
cfg_0195,base,agglomerative,quantile,pca,7,1,3,abs_acf_lag_50,0.9330129845062803,0.9330129845062803,0.07793745808429255,0.041131476100070945
cfg_0195,base,agglomerative,quantile,pca,7,1,4,hurst_dfa,-0.7274052052373954,0.7274052052373954,0.46819938821844836,0.5046461815203552
cfg_0195,base,agglomerative,quantile,pca,7,1,5,abs_acf_lag_5,0.6741674749481789,0.6741674749481789,0.16616359157050414,0.12675023477946817
cfg_0195,base,agglomerative,quantile,pca,7,2,1,tail_ratio_upper,1.252509780467253,1.252509780467253,14.30607915989824,8.469904291531908
cfg_0195,base,agglomerative,quantile,pca,7,2,2,hill_tail_index,-0.9886612241760709,0.9886612241760709,2.0939703682082786,2.6703425530703555
cfg_0195,base,agglomerative,quantile,pca,7,2,3,robust_kurtosis,0.945978812318328,0.945978812318328,1.7685096298860423,1.570934307768045
cfg_0195,base,agglomerative,quantile,pca,7,2,4,abs_acf_lag_2,0.816649931182926,0.816649931182926,0.27285055373590816,0.20528365954371028
cfg_0195,base,agglomerative,quantile,pca,7,2,5,lz_complexity,-0.6717558350900769,0.6717558350900769,1.0275087888481826,1.040113722720113
cfg_0195,base,agglomerative,quantile,pca,7,3,1,spectral_flatness,-2.1651028264355454,2.1651028264355454,0.871286253108423,0.9359839834832223
cfg_0195,base,agglomerative,quantile,pca,7,3,2,robust_kurtosis,1.9651283984788428,1.9651283984788428,1.9813672596236613,1.570934307768045
cfg_0195,base,agglomerative,quantile,pca,7,3,3,lb_ret_stat_50,1.9102157413545435,1.9102157413545435,258.223158882057,105.01915321269621
cfg_0195,base,agglomerative,quantile,pca,7,3,4,abs_acf_lag_25,1.834443964765818,1.834443964765818,0.15353147981945775,0.06670818109672769
cfg_0195,base,agglomerative,quantile,pca,7,3,5,abs_acf_lag_5,1.8270172445146469,1.8270172445146469,0.23356179896382204,0.12675023477946817
cfg_0195,base,agglomerative,quantile,pca,7,4,1,kurtosis,1.643644526061594,1.643644526061594,201.3788743815315,40.242218995358584
cfg_0195,base,agglomerative,quantile,pca,7,4,2,abs_acf_lag_25,-1.1205422951818587,1.1205422951818587,0.013673484864701947,0.06670818109672769
cfg_0195,base,agglomerative,quantile,pca,7,4,3,hurst_dfa,1.0119276112644953,1.0119276112644953,0.55534903079707,0.5046461815203552
cfg_0195,base,agglomerative,quantile,pca,7,4,4,abs_acf_lag_10,-1.006700239681283,1.006700239681283,0.04079643585801548,0.09597633635173025
cfg_0195,base,agglomerative,quantile,pca,7,4,5,hill_tail_index,-0.9451390314631875,0.9451390314631875,2.1193430446018717,2.6703425530703555
cfg_0195,base,agglomerative,quantile,pca,7,5,1,hill_tail_index,-0.5280085125413855,0.5280085125413855,2.362522834285617,2.6703425530703555
cfg_0195,base,agglomerative,quantile,pca,7,5,2,hurst_rs,0.4526050152654205,0.4526050152654205,0.5673723957457869,0.5520575309458361
cfg_0195,base,agglomerative,quantile,pca,7,5,3,hurst_dfa,0.3521627179445832,0.3521627179445832,0.5222913697828933,0.5046461815203552
cfg_0195,base,agglomerative,quantile,pca,7,5,4,abs_acf_lag_25,-0.3405649364613023,0.3405649364613023,0.05058941607539221,0.06670818109672769
cfg_0195,base,agglomerative,quantile,pca,7,5,5,abs_acf_lag_50,-0.32087275141938915,0.32087275141938915,0.028473520740297326,0.041131476100070945
cfg_0195,base,agglomerative,quantile,pca,7,6,1,abs_acf_lag_2,-1.3502420020579067,1.3502420020579067,0.09356913535981914,0.20528365954371028
cfg_0195,base,agglomerative,quantile,pca,7,6,2,abs_acf_lag_5,-1.2731473328749061,1.2731473328749061,0.05231915950101216,0.12675023477946817
cfg_0195,base,agglomerative,quantile,pca,7,6,3,abs_acf_lag_10,-1.2007307531684117,1.2007307531684117,0.030161110658973297,0.09597633635173025
cfg_0195,base,agglomerative,quantile,pca,7,6,4,abs_acf_lag_25,-0.982364432934653,0.982364432934653,0.02021337272237707,0.06670818109672769
cfg_0195,base,agglomerative,quantile,pca,7,6,5,abs_acf_lag_50,-0.774689891861313,0.774689891861313,0.010571105905122027,0.041131476100070945
cfg_0196,base,agglomerative,quantile,pca,8,0,1,hill_tail_index,0.9869258748015799,0.9869258748015799,3.2457030596284633,2.6703425530703555
cfg_0196,base,agglomerative,quantile,pca,8,0,2,tail_ratio_upper,-0.7136802563523389,0.7136802563523389,5.144450996772856,8.469904291531908
cfg_0196,base,agglomerative,quantile,pca,8,0,3,robust_kurtosis,-0.7035144201469057,0.7035144201469057,1.4239996340045407,1.570934307768045
cfg_0196,base,agglomerative,quantile,pca,8,0,4,lz_complexity,0.5343894960657556,0.5343894960657556,1.050141092648146,1.040113722720113
cfg_0196,base,agglomerative,quantile,pca,8,0,5,acf_lag_10,0.43649662579671217,0.43649662579671217,0.02055481149948823,0.007482081075571495
cfg_0196,base,agglomerative,quantile,pca,8,1,1,abs_acf_lag_10,1.0184812588868906,1.0184812588868906,0.1518019856412194,0.09597633635173025
cfg_0196,base,agglomerative,quantile,pca,8,1,2,abs_acf_lag_25,0.9960241941160544,0.9960241941160544,0.11384949901201452,0.06670818109672769
cfg_0196,base,agglomerative,quantile,pca,8,1,3,abs_acf_lag_50,0.9330129845062803,0.9330129845062803,0.07793745808429255,0.041131476100070945
cfg_0196,base,agglomerative,quantile,pca,8,1,4,hurst_dfa,-0.7274052052373954,0.7274052052373954,0.46819938821844836,0.5046461815203552
cfg_0196,base,agglomerative,quantile,pca,8,1,5,abs_acf_lag_5,0.6741674749481789,0.6741674749481789,0.16616359157050414,0.12675023477946817
cfg_0196,base,agglomerative,quantile,pca,8,2,1,tail_ratio_upper,1.252509780467253,1.252509780467253,14.30607915989824,8.469904291531908
cfg_0196,base,agglomerative,quantile,pca,8,2,2,hill_tail_index,-0.9886612241760709,0.9886612241760709,2.0939703682082786,2.6703425530703555
cfg_0196,base,agglomerative,quantile,pca,8,2,3,robust_kurtosis,0.945978812318328,0.945978812318328,1.7685096298860423,1.570934307768045
cfg_0196,base,agglomerative,quantile,pca,8,2,4,abs_acf_lag_2,0.816649931182926,0.816649931182926,0.27285055373590816,0.20528365954371028
cfg_0196,base,agglomerative,quantile,pca,8,2,5,lz_complexity,-0.6717558350900769,0.6717558350900769,1.0275087888481826,1.040113722720113
cfg_0196,base,agglomerative,quantile,pca,8,3,1,spectral_flatness,-2.1651028264355454,2.1651028264355454,0.871286253108423,0.9359839834832223
cfg_0196,base,agglomerative,quantile,pca,8,3,2,robust_kurtosis,1.9651283984788428,1.9651283984788428,1.9813672596236613,1.570934307768045
cfg_0196,base,agglomerative,quantile,pca,8,3,3,lb_ret_stat_50,1.9102157413545435,1.9102157413545435,258.223158882057,105.01915321269621
cfg_0196,base,agglomerative,quantile,pca,8,3,4,abs_acf_lag_25,1.834443964765818,1.834443964765818,0.15353147981945775,0.06670818109672769
cfg_0196,base,agglomerative,quantile,pca,8,3,5,abs_acf_lag_5,1.8270172445146469,1.8270172445146469,0.23356179896382204,0.12675023477946817
cfg_0196,base,agglomerative,quantile,pca,8,4,1,kurtosis,1.643644526061594,1.643644526061594,201.3788743815315,40.242218995358584
cfg_0196,base,agglomerative,quantile,pca,8,4,2,abs_acf_lag_25,-1.1205422951818587,1.1205422951818587,0.013673484864701947,0.06670818109672769
cfg_0196,base,agglomerative,quantile,pca,8,4,3,hurst_dfa,1.0119276112644953,1.0119276112644953,0.55534903079707,0.5046461815203552
cfg_0196,base,agglomerative,quantile,pca,8,4,4,abs_acf_lag_10,-1.006700239681283,1.006700239681283,0.04079643585801548,0.09597633635173025
cfg_0196,base,agglomerative,quantile,pca,8,4,5,hill_tail_index,-0.9451390314631875,0.9451390314631875,2.1193430446018717,2.6703425530703555
cfg_0196,base,agglomerative,quantile,pca,8,5,1,hill_tail_index,-0.5280085125413855,0.5280085125413855,2.362522834285617,2.6703425530703555
cfg_0196,base,agglomerative,quantile,pca,8,5,2,hurst_rs,0.4526050152654205,0.4526050152654205,0.5673723957457869,0.5520575309458361
cfg_0196,base,agglomerative,quantile,pca,8,5,3,hurst_dfa,0.3521627179445832,0.3521627179445832,0.5222913697828933,0.5046461815203552
cfg_0196,base,agglomerative,quantile,pca,8,5,4,abs_acf_lag_25,-0.3405649364613023,0.3405649364613023,0.05058941607539221,0.06670818109672769
cfg_0196,base,agglomerative,quantile,pca,8,5,5,abs_acf_lag_50,-0.32087275141938915,0.32087275141938915,0.028473520740297326,0.041131476100070945
cfg_0196,base,agglomerative,quantile,pca,8,6,1,abs_acf_lag_2,-1.3502420020579067,1.3502420020579067,0.09356913535981914,0.20528365954371028
cfg_0196,base,agglomerative,quantile,pca,8,6,2,abs_acf_lag_5,-1.2731473328749061,1.2731473328749061,0.05231915950101216,0.12675023477946817
cfg_0196,base,agglomerative,quantile,pca,8,6,3,abs_acf_lag_10,-1.2007307531684117,1.2007307531684117,0.030161110658973297,0.09597633635173025
cfg_0196,base,agglomerative,quantile,pca,8,6,4,abs_acf_lag_25,-0.982364432934653,0.982364432934653,0.02021337272237707,0.06670818109672769
cfg_0196,base,agglomerative,quantile,pca,8,6,5,abs_acf_lag_50,-0.774689891861313,0.774689891861313,0.010571105905122027,0.041131476100070945
cfg_0196,base,agglomerative,quantile,pca,8,7,1,hill_tail_index,1.3143498092869688,1.3143498092869688,3.4365854811098506,2.6703425530703555
cfg_0196,base,agglomerative,quantile,pca,8,7,2,abs_acf_lag_2,-1.063948528835107,1.063948528835107,0.11725610339169275,0.20528365954371028
cfg_0196,base,agglomerative,quantile,pca,8,7,3,robust_kurtosis,-1.06017228427956,1.06017228427956,1.3495087559062968,1.570934307768045
cfg_0196,base,agglomerative,quantile,pca,8,7,4,abs_acf_lag_5,-0.843627568085997,0.843627568085997,0.07742985731349322,0.12675023477946817
cfg_0196,base,agglomerative,quantile,pca,8,7,5,tail_ratio_upper,-0.8253441353295293,0.8253441353295293,4.624143743006052,8.469904291531908
cfg_0295,with_chaos,gmm,identity,pca,2,0,1,kurtosis,-0.19607840131399618,0.19607840131399618,21.01943859471306,40.242218995358584
cfg_0295,with_chaos,gmm,identity,pca,2,0,2,lb_ret_stat_50,-0.14208129081133813,0.14208129081133813,93.62388386603332,105.01915321269621
cfg_0295,with_chaos,gmm,identity,pca,2,0,3,spectral_flatness,0.11544295849822854,0.11544295849822854,0.9394336567788245,0.9359839834832223
cfg_0295,with_chaos,gmm,identity,pca,2,0,4,vr_q10,0.06939948668136375,0.06939948668136375,0.8658986484656449,0.8527129075967099
cfg_0295,with_chaos,gmm,identity,pca,2,0,5,hill_tail_index,0.06742643749617311,0.06742643749617311,2.7096509856727597,2.6703425530703555
cfg_0295,with_chaos,gmm,identity,pca,2,1,1,kurtosis,1.7553685450967271,1.7553685450967271,212.33187210589944,40.242218995358584
cfg_0295,with_chaos,gmm,identity,pca,2,1,2,lb_ret_stat_50,1.2719658415491228,1.2719658415491228,207.03394545901162,105.01915321269621
cfg_0295,with_chaos,gmm,identity,pca,2,1,3,spectral_flatness,-1.0334893427460201,1.0334893427460201,0.9051011939797368,0.9359839834832223
cfg_0295,with_chaos,gmm,identity,pca,2,1,4,vr_q10,-0.6212906426712654,0.6212906426712654,0.7346691321986236,0.8527129075967099
cfg_0295,with_chaos,gmm,identity,pca,2,1,5,hill_tail_index,-0.6036271547276438,0.6036271547276438,2.318438489772642,2.6703425530703555
cfg_0440,with_chaos,gmm,quantile,pca,7,0,1,selected_delay_tau,-1.1886762222390443,1.1886762222390443,2.0,3.949760765550239
cfg_0440,with_chaos,gmm,quantile,pca,7,0,2,acf_lag_2,0.2251266512719167,0.2251266512719167,0.013877821929491439,0.0009434187939731474
cfg_0440,with_chaos,gmm,quantile,pca,7,0,3,acf_lag_10,-0.22051839048060684,0.22051839048060684,0.0008777288265541926,0.007482081075571495
cfg_0440,with_chaos,gmm,quantile,pca,7,0,4,tail_ratio_upper,-0.20955518896206698,0.20955518896206698,7.493464229802466,8.469904291531908
cfg_0440,with_chaos,gmm,quantile,pca,7,0,5,acf_lag_50,0.1938572232572556,0.1938572232572556,0.006289624597294241,0.0016243397151168495
cfg_0440,with_chaos,gmm,quantile,pca,7,1,1,hill_tail_index,-0.3930761114910247,0.3930761114910247,2.4411860617899577,2.6703425530703555
cfg_0440,with_chaos,gmm,quantile,pca,7,1,2,abs_acf_lag_2,0.3925154365439816,0.3925154365439816,0.23775907888447426,0.20528365954371028
cfg_0440,with_chaos,gmm,quantile,pca,7,1,3,selected_delay_tau,0.33963034039568896,0.33963034039568896,4.506849315068493,3.949760765550239
cfg_0440,with_chaos,gmm,quantile,pca,7,1,4,hurst_rs,0.27112218049928155,0.27112218049928155,0.5612315334393334,0.5520575309458361
cfg_0440,with_chaos,gmm,quantile,pca,7,1,5,hurst_dfa,0.19292870377935678,0.19292870377935678,0.5143129154645483,0.5046461815203552
cfg_0440,with_chaos,gmm,quantile,pca,7,2,1,hill_tail_index,0.7741162599573642,0.7741162599573642,3.12163877990551,2.6703425530703555
cfg_0440,with_chaos,gmm,quantile,pca,7,2,2,robust_kurtosis,-0.696142300539829,0.696142300539829,1.4255393607797007,1.570934307768045
cfg_0440,with_chaos,gmm,quantile,pca,7,2,3,tail_ratio_upper,-0.6723641093782254,0.6723641093782254,5.336967065220718,8.469904291531908
cfg_0440,with_chaos,gmm,quantile,pca,7,2,4,correlation_dimension,0.560427761509616,0.560427761509616,3.975206007925262,3.4609163452465745
cfg_0440,with_chaos,gmm,quantile,pca,7,2,5,abs_acf_lag_2,-0.4613910136299287,0.4613910136299287,0.16710970445133996,0.20528365954371028
cfg_0440,with_chaos,gmm,quantile,pca,7,3,1,tail_ratio_upper,1.5209737753349608,1.5209737753349608,15.55700976686216,8.469904291531908
cfg_0440,with_chaos,gmm,quantile,pca,7,3,2,robust_kurtosis,1.3826615945936553,1.3826615945936553,1.859714359049044,1.570934307768045
cfg_0440,with_chaos,gmm,quantile,pca,7,3,3,correlation_dimension,-1.2780939469889472,1.2780939469889472,2.2880434970171613,3.4609163452465745
cfg_0440,with_chaos,gmm,quantile,pca,7,3,4,abs_acf_lag_2,0.9588783715846871,0.9588783715846871,0.28461806098326325,0.20528365954371028
cfg_0440,with_chaos,gmm,quantile,pca,7,3,5,hill_tail_index,-0.9585183341407447,0.9585183341407447,2.111543145376916,2.6703425530703555
cfg_0440,with_chaos,gmm,quantile,pca,7,4,1,selected_delay_tau,-1.1886762222390443,1.1886762222390443,2.0,3.949760765550239
cfg_0440,with_chaos,gmm,quantile,pca,7,4,2,abs_acf_lag_2,-1.1024577817723307,1.1024577817723307,0.1140699761182097,0.20528365954371028
cfg_0440,with_chaos,gmm,quantile,pca,7,4,3,correlation_dimension,0.9567134876438513,0.9567134876438513,4.338866887016915,3.4609163452465745
cfg_0440,with_chaos,gmm,quantile,pca,7,4,4,abs_acf_lag_5,-0.8806783037442507,0.8806783037442507,0.07526378743006944,0.12675023477946817
cfg_0440,with_chaos,gmm,quantile,pca,7,4,5,hill_tail_index,0.7779966891021687,0.7779966891021687,3.1239010021609213,2.6703425530703555
cfg_0440,with_chaos,gmm,quantile,pca,7,5,1,lb_ret_stat_50,2.7509635078696073,2.7509635078696073,325.65319979269225,105.01915321269621
cfg_0440,with_chaos,gmm,quantile,pca,7,5,2,spectral_flatness,-2.7333583301070723,2.7333583301070723,0.854305608627411,0.9359839834832223
cfg_0440,with_chaos,gmm,quantile,pca,7,5,3,abs_acf_lag_25,2.1271272501567626,2.1271272501567626,0.16738403067777305,0.06670818109672769
cfg_0440,with_chaos,gmm,quantile,pca,7,5,4,abs_acf_lag_5,1.9740962786843814,1.9740962786843814,0.24216037226440779,0.12675023477946817
cfg_0440,with_chaos,gmm,quantile,pca,7,5,5,abs_acf_lag_50,1.9361377211706072,1.9361377211706072,0.11750924497119382,0.041131476100070945
cfg_0440,with_chaos,gmm,quantile,pca,7,6,1,abs_acf_lag_2,-1.1994499807010135,1.1994499807010135,0.10604516476116939,0.20528365954371028
cfg_0440,with_chaos,gmm,quantile,pca,7,6,2,abs_acf_lag_5,-1.0893558434296573,1.0893558434296573,0.06306402604803495,0.12675023477946817
cfg_0440,with_chaos,gmm,quantile,pca,7,6,3,abs_acf_lag_10,-1.0360242893881728,1.0360242893881728,0.039189107200369375,0.09597633635173025
cfg_0440,with_chaos,gmm,quantile,pca,7,6,4,abs_acf_lag_25,-0.8861760139640678,0.8861760139640678,0.02476592161149856,0.06670818109672769
cfg_0440,with_chaos,gmm,quantile,pca,7,6,5,correlation_dimension,0.8458908181470213,0.8458908181470213,4.237167868468744,3.4609163452465745
cfg_0443,with_chaos,agglomerative,quantile,pca,3,0,1,selected_delay_tau,-1.1807586593214137,1.1807586593214137,2.012987012987013,3.949760765550239
cfg_0443,with_chaos,agglomerative,quantile,pca,3,0,2,tail_ratio_upper,-0.3100646092886259,0.3100646092886259,7.025132116080287,8.469904291531908
cfg_0443,with_chaos,agglomerative,quantile,pca,3,0,3,lb_ret_stat_50,0.3059610865515092,0.3059610865515092,129.55798567221845,105.01915321269621
cfg_0443,with_chaos,agglomerative,quantile,pca,3,0,4,abs_acf_lag_2,-0.29292129919549126,0.29292129919549126,0.18104832727506698,0.20528365954371028
cfg_0443,with_chaos,agglomerative,quantile,pca,3,0,5,abs_acf_lag_50,0.2797800877710557,0.2797800877710557,0.052168386669428725,0.041131476100070945
cfg_0443,with_chaos,agglomerative,quantile,pca,3,1,1,tail_ratio_upper,0.5764779128659997,0.5764779128659997,11.156051705072834,8.469904291531908
cfg_0443,with_chaos,agglomerative,quantile,pca,3,1,2,hill_tail_index,-0.5658834375374174,0.5658834375374174,2.340442416102287,2.6703425530703555
cfg_0443,with_chaos,agglomerative,quantile,pca,3,1,3,abs_acf_lag_2,0.5581500589775278,0.5581500589775278,0.2514631356427001,0.20528365954371028
cfg_0443,with_chaos,agglomerative,quantile,pca,3,1,4,robust_kurtosis,0.5329247388522774,0.5329247388522774,1.6822399475691578,1.570934307768045
cfg_0443,with_chaos,agglomerative,quantile,pca,3,1,5,correlation_dimension,-0.5038064296755355,0.5038064296755355,2.9985865740103237,3.4609163452465745
cfg_0443,with_chaos,agglomerative,quantile,pca,3,2,1,robust_kurtosis,-0.7173882569603685,0.7173882569603685,1.4211019710318207,1.570934307768045
cfg_0443,with_chaos,agglomerative,quantile,pca,3,2,2,hill_tail_index,0.6644083602590355,0.6644083602590355,3.0576809950753705,2.6703425530703555
cfg_0443,with_chaos,agglomerative,quantile,pca,3,2,3,tail_ratio_upper,-0.6571220397917259,0.6571220397917259,5.407988772875116,8.469904291531908
cfg_0443,with_chaos,agglomerative,quantile,pca,3,2,4,abs_acf_lag_2,-0.6402372986887879,0.6402372986887879,0.15231255874934294,0.20528365954371028
cfg_0443,with_chaos,agglomerative,quantile,pca,3,2,5,correlation_dimension,0.6154725223973139,0.6154725223973139,4.025719122109519,3.4609163452465745
cfg_0444,with_chaos,agglomerative,quantile,pca,4,0,1,tail_ratio_upper,0.5764779128659997,0.5764779128659997,11.156051705072834,8.469904291531908
cfg_0444,with_chaos,agglomerative,quantile,pca,4,0,2,hill_tail_index,-0.5658834375374174,0.5658834375374174,2.340442416102287,2.6703425530703555
cfg_0444,with_chaos,agglomerative,quantile,pca,4,0,3,abs_acf_lag_2,0.5581500589775278,0.5581500589775278,0.2514631356427001,0.20528365954371028
cfg_0444,with_chaos,agglomerative,quantile,pca,4,0,4,robust_kurtosis,0.5329247388522774,0.5329247388522774,1.6822399475691578,1.570934307768045
cfg_0444,with_chaos,agglomerative,quantile,pca,4,0,5,correlation_dimension,-0.5038064296755355,0.5038064296755355,2.9985865740103237,3.4609163452465745
cfg_0444,with_chaos,agglomerative,quantile,pca,4,1,1,selected_delay_tau,-1.1886762222390443,1.1886762222390443,2.0,3.949760765550239
cfg_0444,with_chaos,agglomerative,quantile,pca,4,1,2,lb_ret_stat_50,0.7177335068384662,0.7177335068384662,162.5831476193163,105.01915321269621
cfg_0444,with_chaos,agglomerative,quantile,pca,4,1,3,spectral_flatness,-0.6700097391345436,0.6700097391345436,0.9159627129358178,0.9359839834832223
cfg_0444,with_chaos,agglomerative,quantile,pca,4,1,4,abs_acf_lag_50,0.6215063936700702,0.6215063936700702,0.06564898390367768,0.041131476100070945
cfg_0444,with_chaos,agglomerative,quantile,pca,4,1,5,abs_acf_lag_25,0.5417397135092828,0.5417397135092828,0.09234844587417329,0.06670818109672769
cfg_0444,with_chaos,agglomerative,quantile,pca,4,2,1,robust_kurtosis,-0.7173882569603685,0.7173882569603685,1.4211019710318207,1.570934307768045
cfg_0444,with_chaos,agglomerative,quantile,pca,4,2,2,hill_tail_index,0.6644083602590355,0.6644083602590355,3.0576809950753705,2.6703425530703555
cfg_0444,with_chaos,agglomerative,quantile,pca,4,2,3,tail_ratio_upper,-0.6571220397917259,0.6571220397917259,5.407988772875116,8.469904291531908
cfg_0444,with_chaos,agglomerative,quantile,pca,4,2,4,abs_acf_lag_2,-0.6402372986887879,0.6402372986887879,0.15231255874934294,0.20528365954371028
cfg_0444,with_chaos,agglomerative,quantile,pca,4,2,5,correlation_dimension,0.6154725223973139,0.6154725223973139,4.025719122109519,3.4609163452465745
cfg_0444,with_chaos,agglomerative,quantile,pca,4,3,1,selected_delay_tau,-1.1660965057702455,1.1660965057702455,2.037037037037037,3.949760765550239
cfg_0444,with_chaos,agglomerative,quantile,pca,4,3,2,abs_acf_lag_2,-1.0687662314614923,1.0687662314614923,0.11685750272918496,0.20528365954371028
cfg_0444,with_chaos,agglomerative,quantile,pca,4,3,3,correlation_dimension,0.9633322708693046,0.9633322708693046,4.34494076848059,3.4609163452465745
cfg_0444,with_chaos,agglomerative,quantile,pca,4,3,4,abs_acf_lag_5,-0.8601363879063083,0.8601363879063083,0.07646471433351355,0.12675023477946817
cfg_0444,with_chaos,agglomerative,quantile,pca,4,3,5,hill_tail_index,0.8426234952300425,0.8426234952300425,3.1615772986897177,2.6703425530703555
cfg_0445,with_chaos,agglomerative,quantile,pca,5,0,1,selected_delay_tau,-1.1886762222390443,1.1886762222390443,2.0,3.949760765550239
cfg_0445,with_chaos,agglomerative,quantile,pca,5,0,2,lb_ret_stat_50,0.7177335068384662,0.7177335068384662,162.5831476193163,105.01915321269621
cfg_0445,with_chaos,agglomerative,quantile,pca,5,0,3,spectral_flatness,-0.6700097391345436,0.6700097391345436,0.9159627129358178,0.9359839834832223
cfg_0445,with_chaos,agglomerative,quantile,pca,5,0,4,abs_acf_lag_50,0.6215063936700702,0.6215063936700702,0.06564898390367768,0.041131476100070945
cfg_0445,with_chaos,agglomerative,quantile,pca,5,0,5,abs_acf_lag_25,0.5417397135092828,0.5417397135092828,0.09234844587417329,0.06670818109672769
cfg_0445,with_chaos,agglomerative,quantile,pca,5,1,1,abs_acf_lag_2,0.4046108030045036,0.4046108030045036,0.23875980920311907,0.20528365954371028
cfg_0445,with_chaos,agglomerative,quantile,pca,5,1,2,hill_tail_index,-0.39587677691010864,0.39587677691010864,2.439553322882846,2.6703425530703555
cfg_0445,with_chaos,agglomerative,quantile,pca,5,1,3,selected_delay_tau,0.3608568204322828,0.3608568204322828,4.541666666666667,3.949760765550239
cfg_0445,with_chaos,agglomerative,quantile,pca,5,1,4,hurst_rs,0.2671344334669944,0.2671344334669944,0.5610965994359617,0.5520575309458361
cfg_0445,with_chaos,agglomerative,quantile,pca,5,1,5,correlation_dimension,-0.19936071185784807,0.19936071185784807,3.2779683182313275,3.4609163452465745
cfg_0445,with_chaos,agglomerative,quantile,pca,5,2,1,robust_kurtosis,-0.7173882569603685,0.7173882569603685,1.4211019710318207,1.570934307768045
cfg_0445,with_chaos,agglomerative,quantile,pca,5,2,2,hill_tail_index,0.6644083602590355,0.6644083602590355,3.0576809950753705,2.6703425530703555
cfg_0445,with_chaos,agglomerative,quantile,pca,5,2,3,tail_ratio_upper,-0.6571220397917259,0.6571220397917259,5.407988772875116,8.469904291531908
cfg_0445,with_chaos,agglomerative,quantile,pca,5,2,4,abs_acf_lag_2,-0.6402372986887879,0.6402372986887879,0.15231255874934294,0.20528365954371028
cfg_0445,with_chaos,agglomerative,quantile,pca,5,2,5,correlation_dimension,0.6154725223973139,0.6154725223973139,4.025719122109519,3.4609163452465745
cfg_0445,with_chaos,agglomerative,quantile,pca,5,3,1,selected_delay_tau,-1.1660965057702455,1.1660965057702455,2.037037037037037,3.949760765550239
cfg_0445,with_chaos,agglomerative,quantile,pca,5,3,2,abs_acf_lag_2,-1.0687662314614923,1.0687662314614923,0.11685750272918496,0.20528365954371028
cfg_0445,with_chaos,agglomerative,quantile,pca,5,3,3,correlation_dimension,0.9633322708693046,0.9633322708693046,4.34494076848059,3.4609163452465745
cfg_0445,with_chaos,agglomerative,quantile,pca,5,3,4,abs_acf_lag_5,-0.8601363879063083,0.8601363879063083,0.07646471433351355,0.12675023477946817
cfg_0445,with_chaos,agglomerative,quantile,pca,5,3,5,hill_tail_index,0.8426234952300425,0.8426234952300425,3.1615772986897177,2.6703425530703555
cfg_0445,with_chaos,agglomerative,quantile,pca,5,4,1,tail_ratio_upper,1.600401462127877,1.600401462127877,15.927109766672428,8.469904291531908
cfg_0445,with_chaos,agglomerative,quantile,pca,5,4,2,robust_kurtosis,1.3857624759148386,1.3857624759148386,1.86036200318008,1.570934307768045
cfg_0445,with_chaos,agglomerative,quantile,pca,5,4,3,correlation_dimension,-1.2729324536360063,1.2729324536360063,2.292780062294106,3.4609163452465745
cfg_0445,with_chaos,agglomerative,quantile,pca,5,4,4,hill_tail_index,-0.9953739485958828,0.9953739485958828,2.0900569673935068,2.6703425530703555
cfg_0445,with_chaos,agglomerative,quantile,pca,5,4,5,abs_acf_lag_2,0.9460387056462196,0.9460387056462196,0.2835557498058522,0.20528365954371028
cfg_0446,with_chaos,agglomerative,quantile,pca,6,0,1,robust_kurtosis,-0.7173882569603685,0.7173882569603685,1.4211019710318207,1.570934307768045
cfg_0446,with_chaos,agglomerative,quantile,pca,6,0,2,hill_tail_index,0.6644083602590355,0.6644083602590355,3.0576809950753705,2.6703425530703555
cfg_0446,with_chaos,agglomerative,quantile,pca,6,0,3,tail_ratio_upper,-0.6571220397917259,0.6571220397917259,5.407988772875116,8.469904291531908
cfg_0446,with_chaos,agglomerative,quantile,pca,6,0,4,abs_acf_lag_2,-0.6402372986887879,0.6402372986887879,0.15231255874934294,0.20528365954371028
cfg_0446,with_chaos,agglomerative,quantile,pca,6,0,5,correlation_dimension,0.6154725223973139,0.6154725223973139,4.025719122109519,3.4609163452465745
cfg_0446,with_chaos,agglomerative,quantile,pca,6,1,1,abs_acf_lag_2,0.4046108030045036,0.4046108030045036,0.23875980920311907,0.20528365954371028
cfg_0446,with_chaos,agglomerative,quantile,pca,6,1,2,hill_tail_index,-0.39587677691010864,0.39587677691010864,2.439553322882846,2.6703425530703555
cfg_0446,with_chaos,agglomerative,quantile,pca,6,1,3,selected_delay_tau,0.3608568204322828,0.3608568204322828,4.541666666666667,3.949760765550239
cfg_0446,with_chaos,agglomerative,quantile,pca,6,1,4,hurst_rs,0.2671344334669944,0.2671344334669944,0.5610965994359617,0.5520575309458361
cfg_0446,with_chaos,agglomerative,quantile,pca,6,1,5,correlation_dimension,-0.19936071185784807,0.19936071185784807,3.2779683182313275,3.4609163452465745
cfg_0446,with_chaos,agglomerative,quantile,pca,6,2,1,selected_delay_tau,-1.1886762222390443,1.1886762222390443,2.0,3.949760765550239
cfg_0446,with_chaos,agglomerative,quantile,pca,6,2,2,acf_lag_2,0.3344337699730544,0.3344337699730544,0.020157941723725824,0.0009434187939731474
cfg_0446,with_chaos,agglomerative,quantile,pca,6,2,3,tail_ratio_upper,-0.32398775947131797,0.32398775947131797,6.960256024530404,8.469904291531908
cfg_0446,with_chaos,agglomerative,quantile,pca,6,2,4,abs_acf_lag_50,0.2741392092616678,0.2741392092616678,0.051945862357077835,0.041131476100070945
cfg_0446,with_chaos,agglomerative,quantile,pca,6,2,5,acf_lag_25,-0.26931392777550395,0.26931392777550395,-0.01977437063690579,-0.011977912573268126
cfg_0446,with_chaos,agglomerative,quantile,pca,6,3,1,selected_delay_tau,-1.1660965057702455,1.1660965057702455,2.037037037037037,3.949760765550239
cfg_0446,with_chaos,agglomerative,quantile,pca,6,3,2,abs_acf_lag_2,-1.0687662314614923,1.0687662314614923,0.11685750272918496,0.20528365954371028
cfg_0446,with_chaos,agglomerative,quantile,pca,6,3,3,correlation_dimension,0.9633322708693046,0.9633322708693046,4.34494076848059,3.4609163452465745
cfg_0446,with_chaos,agglomerative,quantile,pca,6,3,4,abs_acf_lag_5,-0.8601363879063083,0.8601363879063083,0.07646471433351355,0.12675023477946817
cfg_0446,with_chaos,agglomerative,quantile,pca,6,3,5,hill_tail_index,0.8426234952300425,0.8426234952300425,3.1615772986897177,2.6703425530703555
cfg_0446,with_chaos,agglomerative,quantile,pca,6,4,1,tail_ratio_upper,1.600401462127877,1.600401462127877,15.927109766672428,8.469904291531908
cfg_0446,with_chaos,agglomerative,quantile,pca,6,4,2,robust_kurtosis,1.3857624759148386,1.3857624759148386,1.86036200318008,1.570934307768045
cfg_0446,with_chaos,agglomerative,quantile,pca,6,4,3,correlation_dimension,-1.2729324536360063,1.2729324536360063,2.292780062294106,3.4609163452465745
cfg_0446,with_chaos,agglomerative,quantile,pca,6,4,4,hill_tail_index,-0.9953739485958828,0.9953739485958828,2.0900569673935068,2.6703425530703555
cfg_0446,with_chaos,agglomerative,quantile,pca,6,4,5,abs_acf_lag_2,0.9460387056462196,0.9460387056462196,0.2835557498058522,0.20528365954371028
cfg_0446,with_chaos,agglomerative,quantile,pca,6,5,1,lb_ret_stat_50,2.945211320012791,2.945211320012791,341.23235259128796,105.01915321269621
cfg_0446,with_chaos,agglomerative,quantile,pca,6,5,2,spectral_flatness,-2.885375966723935,2.885375966723935,0.8497630086427979,0.9359839834832223
cfg_0446,with_chaos,agglomerative,quantile,pca,6,5,3,abs_acf_lag_25,2.372926560502749,2.372926560502749,0.17901758687131694,0.06670818109672769
cfg_0446,with_chaos,agglomerative,quantile,pca,6,5,4,abs_acf_lag_5,2.0924053703881915,2.0924053703881915,0.2490769895979629,0.12675023477946817
cfg_0446,with_chaos,agglomerative,quantile,pca,6,5,5,abs_acf_lag_10,2.041765016982842,2.041765016982842,0.2078908726036836,0.09597633635173025
cfg_0448,with_chaos,agglomerative,quantile,pca,8,0,1,tail_ratio_upper,1.600401462127877,1.600401462127877,15.927109766672428,8.469904291531908
cfg_0448,with_chaos,agglomerative,quantile,pca,8,0,2,robust_kurtosis,1.3857624759148386,1.3857624759148386,1.86036200318008,1.570934307768045
cfg_0448,with_chaos,agglomerative,quantile,pca,8,0,3,correlation_dimension,-1.2729324536360063,1.2729324536360063,2.292780062294106,3.4609163452465745
cfg_0448,with_chaos,agglomerative,quantile,pca,8,0,4,hill_tail_index,-0.9953739485958828,0.9953739485958828,2.0900569673935068,2.6703425530703555
cfg_0448,with_chaos,agglomerative,quantile,pca,8,0,5,abs_acf_lag_2,0.9460387056462196,0.9460387056462196,0.2835557498058522,0.20528365954371028
cfg_0448,with_chaos,agglomerative,quantile,pca,8,1,1,abs_acf_lag_2,-1.0102502838228415,1.0102502838228415,0.12169891725906788,0.20528365954371028
cfg_0448,with_chaos,agglomerative,quantile,pca,8,1,2,abs_acf_lag_5,-0.9760516116857203,0.9760516116857203,0.06968804793814656,0.12675023477946817
cfg_0448,with_chaos,agglomerative,quantile,pca,8,1,3,robust_kurtosis,-0.8037613531480892,0.8037613531480892,1.4030622516645384,1.570934307768045
cfg_0448,with_chaos,agglomerative,quantile,pca,8,1,4,abs_acf_lag_10,-0.736780345554217,0.736780345554217,0.055591458559034156,0.09597633635173025
cfg_0448,with_chaos,agglomerative,quantile,pca,8,1,5,correlation_dimension,0.690965990497355,0.690965990497355,4.09499747145294,3.4609163452465745
cfg_0448,with_chaos,agglomerative,quantile,pca,8,2,1,hill_tail_index,0.7297809145980132,0.7297809145980132,3.0957920497551696,2.6703425530703555
cfg_0448,with_chaos,agglomerative,quantile,pca,8,2,2,tail_ratio_upper,-0.6406386728145562,0.6406386728145562,5.4847944103227775,8.469904291531908
cfg_0448,with_chaos,agglomerative,quantile,pca,8,2,3,robust_kurtosis,-0.6358136661164119,0.6358136661164119,1.438139483767587,1.570934307768045
cfg_0448,with_chaos,agglomerative,quantile,pca,8,2,4,correlation_dimension,0.5441731358583866,0.5441731358583866,3.960289569951845,3.4609163452465745
cfg_0448,with_chaos,agglomerative,quantile,pca,8,2,5,lz_complexity,0.43862811573546345,0.43862811573546345,1.0483442107998682,1.040113722720113
cfg_0448,with_chaos,agglomerative,quantile,pca,8,3,1,selected_delay_tau,-1.1660965057702455,1.1660965057702455,2.037037037037037,3.949760765550239
cfg_0448,with_chaos,agglomerative,quantile,pca,8,3,2,abs_acf_lag_2,-1.0687662314614923,1.0687662314614923,0.11685750272918496,0.20528365954371028
cfg_0448,with_chaos,agglomerative,quantile,pca,8,3,3,correlation_dimension,0.9633322708693046,0.9633322708693046,4.34494076848059,3.4609163452465745
cfg_0448,with_chaos,agglomerative,quantile,pca,8,3,4,abs_acf_lag_5,-0.8601363879063083,0.8601363879063083,0.07646471433351355,0.12675023477946817
cfg_0448,with_chaos,agglomerative,quantile,pca,8,3,5,hill_tail_index,0.8426234952300425,0.8426234952300425,3.1615772986897177,2.6703425530703555
cfg_0448,with_chaos,agglomerative,quantile,pca,8,4,1,abs_acf_lag_2,0.46341804051589397,0.46341804051589397,0.24362532408648166,0.20528365954371028
cfg_0448,with_chaos,agglomerative,quantile,pca,8,4,2,abs_acf_lag_5,0.2843965900976396,0.2843965900976396,0.14337670326422247,0.12675023477946817
cfg_0448,with_chaos,agglomerative,quantile,pca,8,4,3,acf_lag_2,0.2732400532428465,0.2732400532428465,0.01664212430683008,0.0009434187939731474
cfg_0448,with_chaos,agglomerative,quantile,pca,8,4,4,hill_tail_index,-0.25911393197010424,0.25911393197010424,2.5192836671286374,2.6703425530703555
cfg_0448,with_chaos,agglomerative,quantile,pca,8,4,5,robust_kurtosis,0.206311187837167,0.206311187837167,1.614024067139694,1.570934307768045
cfg_0448,with_chaos,agglomerative,quantile,pca,8,5,1,lb_ret_stat_50,2.945211320012791,2.945211320012791,341.23235259128796,105.01915321269621
cfg_0448,with_chaos,agglomerative,quantile,pca,8,5,2,spectral_flatness,-2.885375966723935,2.885375966723935,0.8497630086427979,0.9359839834832223
cfg_0448,with_chaos,agglomerative,quantile,pca,8,5,3,abs_acf_lag_25,2.372926560502749,2.372926560502749,0.17901758687131694,0.06670818109672769
cfg_0448,with_chaos,agglomerative,quantile,pca,8,5,4,abs_acf_lag_5,2.0924053703881915,2.0924053703881915,0.2490769895979629,0.12675023477946817
cfg_0448,with_chaos,agglomerative,quantile,pca,8,5,5,abs_acf_lag_10,2.041765016982842,2.041765016982842,0.2078908726036836,0.09597633635173025
cfg_0448,with_chaos,agglomerative,quantile,pca,8,6,1,selected_delay_tau,-1.1886762222390443,1.1886762222390443,2.0,3.949760765550239
cfg_0448,with_chaos,agglomerative,quantile,pca,8,6,2,acf_lag_2,0.3344337699730544,0.3344337699730544,0.020157941723725824,0.0009434187939731474
cfg_0448,with_chaos,agglomerative,quantile,pca,8,6,3,tail_ratio_upper,-0.32398775947131797,0.32398775947131797,6.960256024530404,8.469904291531908
cfg_0448,with_chaos,agglomerative,quantile,pca,8,6,4,abs_acf_lag_50,0.2741392092616678,0.2741392092616678,0.051945862357077835,0.041131476100070945
cfg_0448,with_chaos,agglomerative,quantile,pca,8,6,5,acf_lag_25,-0.26931392777550395,0.26931392777550395,-0.01977437063690579,-0.011977912573268126
cfg_0448,with_chaos,agglomerative,quantile,pca,8,7,1,selected_delay_tau,1.4342466559388782,1.4342466559388782,6.3023255813953485,3.949760765550239
cfg_0448,with_chaos,agglomerative,quantile,pca,8,7,2,hill_tail_index,-0.7171104359552325,0.7171104359552325,2.252279723607849,2.6703425530703555
cfg_0448,with_chaos,agglomerative,quantile,pca,8,7,3,abs_acf_lag_25,-0.7169471138934516,0.7169471138934516,0.032775439277646416,0.06670818109672769
cfg_0448,with_chaos,agglomerative,quantile,pca,8,7,4,abs_acf_lag_10,-0.6673282325496096,0.6673282325496096,0.05939831241047039,0.09597633635173025
cfg_0448,with_chaos,agglomerative,quantile,pca,8,7,5,abs_acf_lag_50,-0.5760627582176701,0.5760627582176701,0.01840665248793198,0.041131476100070945
