method,model,horizon,target_metric,feature_set,candidate_set,n_repeats,achieved_metric_mean,achieved_metric_std,best_single_metric_mean,oracle_metric_mean,improvement_mean,improvement_std,gap_mean,gap_std,routing_hit_oracle_rate_mean,routing_hit_oracle_rate_std,classification_accuracy_mean,classification_accuracy_std,top2_hit_rate_mean,top2_hit_rate_std
classification,catboost_classifier,1,directional_accuracy,full_features,top_4,3,0.6036896753422095,0.00206813883362606,0.6668043076136027,0.6675580339008657,-0.06311463227139329,0.002771286955401008,0.06386835855865615,0.0023937409469402555,0.0,0.0,0.0,0.0,0.9,0.08660254037844381
classification,catboost_classifier,1,directional_accuracy,full_features,top_6,3,0.6036896753422095,0.00206813883362606,0.6668043076136027,0.6675580339008657,-0.06311463227139329,0.002771286955401008,0.06386835855865615,0.0023937409469402555,0.0,0.0,0.0,0.0,0.0,0.0
classification,catboost_classifier,1,directional_accuracy,pruned_features,top_4,3,0.6036896753422095,0.00206813883362606,0.6668043076136027,0.6675580339008657,-0.06311463227139329,0.002771286955401008,0.06386835855865615,0.0023937409469402555,0.0,0.0,0.0,0.0,0.9,0.08660254037844381
classification,catboost_classifier,1,directional_accuracy,pruned_features,top_6,3,0.6036896753422095,0.00206813883362606,0.6668043076136027,0.6675580339008657,-0.06311463227139329,0.002771286955401008,0.06386835855865615,0.0023937409469402555,0.0,0.0,0.0,0.0,0.0,0.0
classification,catboost_classifier,1,rmse,full_features,top_4,3,0.029007296138505143,0.0010344257707406038,0.025595919615355355,0.025588455629533352,-0.003411376523149788,0.002968828959924467,0.0034188405089717946,0.0029559643314039322,0.31666666666666665,0.5484827557301444,0.31666666666666665,0.5484827557301444,1.0,0.0
classification,catboost_classifier,1,rmse,full_features,top_6,3,0.029007296138505143,0.0010344257707406038,0.025595919615355355,0.025588455629533352,-0.003411376523149788,0.002968828959924467,0.0034188405089717946,0.0029559643314039322,0.31666666666666665,0.5484827557301444,0.31666666666666665,0.5484827557301444,0.3333333333333333,0.5773502691896258
classification,catboost_classifier,1,rmse,pruned_features,top_4,3,0.029007296138505143,0.0010344257707406038,0.025595919615355355,0.025588455629533352,-0.003411376523149788,0.002968828959924467,0.0034188405089717946,0.0029559643314039322,0.31666666666666665,0.5484827557301444,0.31666666666666665,0.5484827557301444,1.0,0.0
classification,catboost_classifier,1,rmse,pruned_features,top_6,3,0.029007296138505143,0.0010344257707406038,0.025595919615355355,0.025588455629533352,-0.003411376523149788,0.002968828959924467,0.0034188405089717946,0.0029559643314039322,0.31666666666666665,0.5484827557301444,0.31666666666666665,0.5484827557301444,0.3333333333333333,0.5773502691896258
classification,catboost_classifier,5,directional_accuracy,full_features,top_4,3,0.5214020329140799,0.004060143455171926,0.5217387332507802,0.5255566848772691,-0.0003367003367003379,0.0004982709961935568,0.004154651963189243,0.001376872260776993,0.46666666666666673,0.07637626158259735,0.46666666666666673,0.07637626158259735,0.7833333333333333,0.057735026918962595
classification,catboost_classifier,5,directional_accuracy,full_features,top_6,3,0.51640203291408,0.005677465973827137,0.5217387332507802,0.5309103617699173,-0.005336700336700338,0.0022553111216903517,0.014508328855837369,0.008129606801023509,0.2833333333333333,0.18929694486000911,0.2833333333333333,0.18929694486000911,0.4166666666666667,0.24664414311581237
classification,catboost_classifier,5,directional_accuracy,pruned_features,top_4,3,0.5214020329140799,0.004060143455171926,0.5217387332507802,0.5255566848772691,-0.0003367003367003379,0.0004982709961935568,0.004154651963189243,0.001376872260776993,0.46666666666666673,0.07637626158259735,0.46666666666666673,0.07637626158259735,0.7833333333333333,0.057735026918962595
classification,catboost_classifier,5,directional_accuracy,pruned_features,top_6,3,0.51640203291408,0.005677465973827137,0.5217387332507802,0.5309103617699173,-0.005336700336700338,0.0022553111216903517,0.014508328855837369,0.008129606801023509,0.2833333333333333,0.18929694486000911,0.2833333333333333,0.18929694486000911,0.4166666666666667,0.24664414311581237
classification,catboost_classifier,5,rmse,full_features,top_4,3,0.09531046448482126,0.007517056800818653,0.0952184188593466,0.09511463874895187,-9.204562547465538e-05,0.00010130004895799386,0.0001958257358693737,6.884027145020892e-05,0.31666666666666665,0.1040832999733066,0.31666666666666665,0.1040832999733066,0.5666666666666667,0.1527525231651946
classification,catboost_classifier,5,rmse,full_features,top_6,3,0.09700000536596072,0.009297418009942323,0.0952184188593466,0.09486091824152497,-0.0017815865066141388,0.001838968404584573,0.002139087124435768,0.0017924073535210273,0.2833333333333333,0.028867513459481266,0.2833333333333333,0.028867513459481266,0.5666666666666668,0.07637626158259736
classification,catboost_classifier,5,rmse,pruned_features,top_4,3,0.09531046448482126,0.007517056800818653,0.0952184188593466,0.09511463874895187,-9.204562547465538e-05,0.00010130004895799386,0.0001958257358693737,6.884027145020892e-05,0.31666666666666665,0.1040832999733066,0.31666666666666665,0.1040832999733066,0.5666666666666667,0.1527525231651946
classification,catboost_classifier,5,rmse,pruned_features,top_6,3,0.09700000536596072,0.009297418009942323,0.0952184188593466,0.09486091824152497,-0.0017815865066141388,0.001838968404584573,0.002139087124435768,0.0017924073535210273,0.2833333333333333,0.028867513459481266,0.2833333333333333,0.028867513459481266,0.5666666666666668,0.07637626158259736
classification,catboost_classifier,20,directional_accuracy,full_features,top_4,3,0.4971049512116737,0.011696931836506325,0.4986159943111362,0.5121994586024584,-0.001511043099462539,0.006102687768604812,0.015094507390784757,0.002517223801813034,0.26666666666666666,0.07637626158259733,0.26666666666666666,0.07637626158259733,0.4166666666666667,0.02886751345948128
classification,catboost_classifier,20,directional_accuracy,full_features,top_6,3,0.49520938133998954,0.01317304615169794,0.4986159943111362,0.5247015704456753,-0.0034066129711467206,0.010218942624507923,0.0294921891056857,0.004842702552194363,0.25,0.09999999999999999,0.25,0.09999999999999999,0.43333333333333335,0.18929694486000914
classification,catboost_classifier,20,directional_accuracy,pruned_features,top_4,3,0.4971049512116737,0.011696931836506325,0.4986159943111362,0.5121994586024584,-0.001511043099462539,0.006102687768604812,0.015094507390784757,0.002517223801813034,0.26666666666666666,0.07637626158259733,0.26666666666666666,0.07637626158259733,0.4166666666666667,0.02886751345948128
classification,catboost_classifier,20,directional_accuracy,pruned_features,top_6,3,0.49520938133998954,0.01317304615169794,0.4986159943111362,0.5247015704456753,-0.0034066129711467206,0.010218942624507923,0.0294921891056857,0.004842702552194363,0.25,0.09999999999999999,0.25,0.09999999999999999,0.43333333333333335,0.18929694486000914
classification,catboost_classifier,20,rmse,full_features,top_4,3,0.18499351219423363,0.008795032224407449,0.18491937526412985,0.18436506826275792,-7.413693010375917e-05,0.00011889057098948606,0.0006284439314756962,0.00014906440674592342,0.3833333333333333,0.10408329997330666,0.3833333333333333,0.10408329997330666,0.6333333333333333,0.07637626158259729
classification,catboost_classifier,20,rmse,full_features,top_6,3,0.18528065970326021,0.009018578949125665,0.18491937526412985,0.18386534048457004,-0.0003612844391303369,0.0005873396610459721,0.001415319218690171,0.000488667554305862,0.35000000000000003,0.05000000000000004,0.35000000000000003,0.05000000000000004,0.5333333333333333,0.10408329997330666
classification,catboost_classifier,20,rmse,pruned_features,top_4,3,0.18499351219423363,0.008795032224407449,0.18491937526412985,0.18436506826275792,-7.413693010375917e-05,0.00011889057098948606,0.0006284439314756962,0.00014906440674592342,0.3833333333333333,0.10408329997330666,0.3833333333333333,0.10408329997330666,0.6333333333333333,0.07637626158259729
classification,catboost_classifier,20,rmse,pruned_features,top_6,3,0.18528065970326021,0.009018578949125665,0.18491937526412985,0.18386534048457004,-0.0003612844391303369,0.0005873396610459721,0.001415319218690171,0.000488667554305862,0.35000000000000003,0.05000000000000004,0.35000000000000003,0.05000000000000004,0.5333333333333333,0.10408329997330666
classification,logistic_regression,1,directional_accuracy,full_features,top_4,3,0.6668043076136027,0.0019114636362404175,0.6668043076136027,0.6675580339008657,0.0,0.0,0.0007537262872628774,0.00041927147000293444,0.9,0.08660254037844381,0.9,0.08660254037844381,1.0,0.0
classification,logistic_regression,1,directional_accuracy,full_features,top_6,3,0.6668043076136027,0.0019114636362404175,0.6668043076136027,0.6675580339008657,0.0,0.0,0.0007537262872628774,0.00041927147000293444,0.9,0.08660254037844381,0.9,0.08660254037844381,1.0,0.0
classification,logistic_regression,1,directional_accuracy,pruned_features,top_4,3,0.6668043076136027,0.0019114636362404175,0.6668043076136027,0.6675580339008657,0.0,0.0,0.0007537262872628774,0.00041927147000293444,0.9,0.08660254037844381,0.9,0.08660254037844381,1.0,0.0
classification,logistic_regression,1,directional_accuracy,pruned_features,top_6,3,0.6668043076136027,0.0019114636362404175,0.6668043076136027,0.6675580339008657,0.0,0.0,0.0007537262872628774,0.00041927147000293444,0.9,0.08660254037844381,0.9,0.08660254037844381,1.0,0.0
classification,logistic_regression,1,rmse,full_features,top_4,3,0.025595919615355355,0.002248822740129536,0.025595919615355355,0.025588455629533352,0.0,0.0,7.46398582200658e-06,1.2928002670689147e-05,0.9833333333333334,0.028867513459481298,0.9833333333333334,0.028867513459481298,1.0,0.0
classification,logistic_regression,1,rmse,full_features,top_6,3,0.025595919615355355,0.002248822740129536,0.025595919615355355,0.025588455629533352,0.0,0.0,7.46398582200658e-06,1.2928002670689147e-05,0.9833333333333334,0.028867513459481298,0.9833333333333334,0.028867513459481298,1.0,0.0
classification,logistic_regression,1,rmse,pruned_features,top_4,3,0.025595919615355355,0.002248822740129536,0.025595919615355355,0.025588455629533352,0.0,0.0,7.46398582200658e-06,1.2928002670689147e-05,0.9833333333333334,0.028867513459481298,0.9833333333333334,0.028867513459481298,1.0,0.0
classification,logistic_regression,1,rmse,pruned_features,top_6,3,0.025595919615355355,0.002248822740129536,0.025595919615355355,0.025588455629533352,0.0,0.0,7.46398582200658e-06,1.2928002670689147e-05,0.9833333333333334,0.028867513459481298,0.9833333333333334,0.028867513459481298,1.0,0.0
classification,logistic_regression,5,directional_accuracy,full_features,top_4,3,0.5196175211295682,0.0036079787566241756,0.5217387332507802,0.5255566848772691,-0.002121212121212121,0.0023248786437341227,0.005939163747701027,0.0027270582275377834,0.3833333333333333,0.12583057392117916,0.3833333333333333,0.12583057392117916,0.6666666666666666,0.10408329997330662
classification,logistic_regression,5,directional_accuracy,full_features,top_6,3,0.5181360396480866,0.008400416487959951,0.5217387332507802,0.5309103617699173,-0.0036026936026936026,0.004865967882933922,0.012774322121830632,0.010796771610630895,0.26666666666666666,0.16072751268321592,0.26666666666666666,0.16072751268321592,0.5499999999999999,0.15
classification,logistic_regression,5,directional_accuracy,pruned_features,top_4,3,0.5196175211295682,0.0036079787566241756,0.5217387332507802,0.5255566848772691,-0.002121212121212121,0.0023248786437341227,0.005939163747701027,0.0027270582275377834,0.3833333333333333,0.12583057392117916,0.3833333333333333,0.12583057392117916,0.6666666666666666,0.10408329997330662
classification,logistic_regression,5,directional_accuracy,pruned_features,top_6,3,0.5181360396480866,0.008400416487959951,0.5217387332507802,0.5309103617699173,-0.0036026936026936026,0.004865967882933922,0.012774322121830632,0.010796771610630895,0.26666666666666666,0.16072751268321592,0.26666666666666666,0.16072751268321592,0.5499999999999999,0.15
classification,logistic_regression,5,rmse,full_features,top_4,3,0.09528270652874171,0.0074591788213512495,0.0952184188593466,0.09511463874895187,-6.428766939511413e-05,7.7499583372876e-05,0.00016806777978983247,5.347793594660411e-05,0.2333333333333333,0.07637626158259735,0.2333333333333333,0.07637626158259735,0.46666666666666673,0.17559422921421233
classification,logistic_regression,5,rmse,full_features,top_6,3,0.09647769406061278,0.009239479707573599,0.0952184188593466,0.09486091824152497,-0.0012592752012661739,0.0018568514917350562,0.001616775819087803,0.0017958482913470798,0.26666666666666666,0.1258305739211792,0.26666666666666666,0.1258305739211792,0.5166666666666667,0.10408329997330662
classification,logistic_regression,5,rmse,pruned_features,top_4,3,0.09528270652874171,0.0074591788213512495,0.0952184188593466,0.09511463874895187,-6.428766939511413e-05,7.7499583372876e-05,0.00016806777978983247,5.347793594660411e-05,0.2333333333333333,0.07637626158259735,0.2333333333333333,0.07637626158259735,0.46666666666666673,0.17559422921421233
classification,logistic_regression,5,rmse,pruned_features,top_6,3,0.09647769406061278,0.009239479707573599,0.0952184188593466,0.09486091824152497,-0.0012592752012661739,0.0018568514917350562,0.001616775819087803,0.0017958482913470798,0.26666666666666666,0.1258305739211792,0.26666666666666666,0.1258305739211792,0.5166666666666667,0.10408329997330662
classification,logistic_regression,20,directional_accuracy,full_features,top_4,3,0.4934276803548204,0.007749461005437973,0.4986159943111362,0.5121994586024584,-0.005188313956315878,0.008529979822432197,0.018771778247638093,0.006309923577811371,0.19999999999999998,0.05000000000000002,0.19999999999999998,0.05000000000000002,0.5666666666666668,0.028867513459481266
classification,logistic_regression,20,directional_accuracy,full_features,top_6,3,0.49784482837288807,0.009553714227042397,0.4986159943111362,0.5247015704456753,-0.0007711659382481752,0.006354817418484021,0.02685674207278715,0.006709722748756656,0.2833333333333333,0.05773502691896256,0.2833333333333333,0.05773502691896256,0.45,0.1322875655532295
classification,logistic_regression,20,directional_accuracy,pruned_features,top_4,3,0.4934276803548204,0.007749461005437973,0.4986159943111362,0.5121994586024584,-0.005188313956315878,0.008529979822432197,0.018771778247638093,0.006309923577811371,0.19999999999999998,0.05000000000000002,0.19999999999999998,0.05000000000000002,0.5666666666666668,0.028867513459481266
classification,logistic_regression,20,directional_accuracy,pruned_features,top_6,3,0.49784482837288807,0.009553714227042397,0.4986159943111362,0.5247015704456753,-0.0007711659382481752,0.006354817418484021,0.02685674207278715,0.006709722748756656,0.2833333333333333,0.05773502691896256,0.2833333333333333,0.05773502691896256,0.45,0.1322875655532295
classification,logistic_regression,20,rmse,full_features,top_4,3,0.1851983980045275,0.00897055875779226,0.18491937526412985,0.18436506826275792,-0.0002790227403976433,0.00013753418893534082,0.0008333297417695802,0.00031695807709717055,0.31666666666666665,0.05773502691896256,0.31666666666666665,0.05773502691896256,0.5333333333333333,0.07637626158259733
classification,logistic_regression,20,rmse,full_features,top_6,3,0.18767350116813328,0.012014360062680866,0.18491937526412985,0.18386534048457004,-0.0027541259040034065,0.0032989810011105868,0.003808160683563241,0.0035326285608204273,0.2833333333333333,0.028867513459481266,0.2833333333333333,0.028867513459481266,0.4166666666666667,0.02886751345948128
classification,logistic_regression,20,rmse,pruned_features,top_4,3,0.1851983980045275,0.00897055875779226,0.18491937526412985,0.18436506826275792,-0.0002790227403976433,0.00013753418893534082,0.0008333297417695802,0.00031695807709717055,0.31666666666666665,0.05773502691896256,0.31666666666666665,0.05773502691896256,0.5333333333333333,0.07637626158259733
classification,logistic_regression,20,rmse,pruned_features,top_6,3,0.18767350116813328,0.012014360062680866,0.18491937526412985,0.18386534048457004,-0.0027541259040034065,0.0032989810011105868,0.003808160683563241,0.0035326285608204273,0.2833333333333333,0.028867513459481266,0.2833333333333333,0.028867513459481266,0.4166666666666667,0.02886751345948128
classification,random_forest_classifier,1,directional_accuracy,full_features,top_4,3,0.6668043076136027,0.0019114636362404175,0.6668043076136027,0.6675580339008657,0.0,0.0,0.0007537262872628774,0.00041927147000293444,0.9,0.08660254037844381,0.9,0.08660254037844381,1.0,0.0
classification,random_forest_classifier,1,directional_accuracy,full_features,top_6,3,0.6668043076136027,0.0019114636362404175,0.6668043076136027,0.6675580339008657,0.0,0.0,0.0007537262872628774,0.00041927147000293444,0.9,0.08660254037844381,0.9,0.08660254037844381,1.0,0.0
classification,random_forest_classifier,1,directional_accuracy,pruned_features,top_4,3,0.6668043076136027,0.0019114636362404175,0.6668043076136027,0.6675580339008657,0.0,0.0,0.0007537262872628774,0.00041927147000293444,0.9,0.08660254037844381,0.9,0.08660254037844381,1.0,0.0
classification,random_forest_classifier,1,directional_accuracy,pruned_features,top_6,3,0.6668043076136027,0.0019114636362404175,0.6668043076136027,0.6675580339008657,0.0,0.0,0.0007537262872628774,0.00041927147000293444,0.9,0.08660254037844381,0.9,0.08660254037844381,1.0,0.0
classification,random_forest_classifier,1,rmse,full_features,top_4,3,0.025595919615355355,0.002248822740129536,0.025595919615355355,0.025588455629533352,0.0,0.0,7.46398582200658e-06,1.2928002670689147e-05,0.9833333333333334,0.028867513459481298,0.9833333333333334,0.028867513459481298,1.0,0.0
classification,random_forest_classifier,1,rmse,full_features,top_6,3,0.025595919615355355,0.002248822740129536,0.025595919615355355,0.025588455629533352,0.0,0.0,7.46398582200658e-06,1.2928002670689147e-05,0.9833333333333334,0.028867513459481298,0.9833333333333334,0.028867513459481298,1.0,0.0
classification,random_forest_classifier,1,rmse,pruned_features,top_4,3,0.025595919615355355,0.002248822740129536,0.025595919615355355,0.025588455629533352,0.0,0.0,7.46398582200658e-06,1.2928002670689147e-05,0.9833333333333334,0.028867513459481298,0.9833333333333334,0.028867513459481298,1.0,0.0
classification,random_forest_classifier,1,rmse,pruned_features,top_6,3,0.025595919615355355,0.002248822740129536,0.025595919615355355,0.025588455629533352,0.0,0.0,7.46398582200658e-06,1.2928002670689147e-05,0.9833333333333334,0.028867513459481298,0.9833333333333334,0.028867513459481298,1.0,0.0
classification,random_forest_classifier,5,directional_accuracy,full_features,top_4,3,0.521848160860208,0.0037786591989490553,0.5217387332507802,0.5255566848772691,0.0001094276094276083,0.00018613926252100807,0.003708524017061298,0.0011727382572572081,0.48333333333333334,0.10408329997330662,0.48333333333333334,0.10408329997330662,0.7666666666666666,0.0763762615825974
classification,random_forest_classifier,5,directional_accuracy,full_features,top_6,3,0.5198486449404359,0.003664487015516657,0.5217387332507802,0.5309103617699173,-0.0018900883103444243,0.0012466969250734896,0.011061716829481453,0.00596627270222974,0.3666666666666667,0.07637626158259737,0.3666666666666667,0.07637626158259737,0.6166666666666667,0.07637626158259724
classification,random_forest_classifier,5,directional_accuracy,pruned_features,top_4,3,0.521848160860208,0.0037786591989490553,0.5217387332507802,0.5255566848772691,0.0001094276094276083,0.00018613926252100807,0.003708524017061298,0.0011727382572572081,0.48333333333333334,0.10408329997330662,0.48333333333333334,0.10408329997330662,0.7666666666666666,0.0763762615825974
classification,random_forest_classifier,5,directional_accuracy,pruned_features,top_6,3,0.5198486449404359,0.003664487015516657,0.5217387332507802,0.5309103617699173,-0.0018900883103444243,0.0012466969250734896,0.011061716829481453,0.00596627270222974,0.3666666666666667,0.07637626158259737,0.3666666666666667,0.07637626158259737,0.6166666666666667,0.07637626158259724
classification,random_forest_classifier,5,rmse,full_features,top_4,3,0.09531100248250231,0.007537944113488953,0.0952184188593466,0.09511463874895187,-9.258362315572183e-05,0.00010961762060137658,0.00019636373355044016,7.822709443550264e-05,0.31666666666666665,0.07637626158259732,0.31666666666666665,0.07637626158259732,0.5666666666666667,0.10408329997330662
classification,random_forest_classifier,5,rmse,full_features,top_6,3,0.09570916934585465,0.007861997657740712,0.0952184188593466,0.09486091824152497,-0.0004907504865080423,0.000524946300091373,0.0008482511043296717,0.0004504276649298286,0.25,0.04999999999999999,0.25,0.04999999999999999,0.5166666666666667,0.10408329997330662
classification,random_forest_classifier,5,rmse,pruned_features,top_4,3,0.09531100248250231,0.007537944113488953,0.0952184188593466,0.09511463874895187,-9.258362315572183e-05,0.00010961762060137658,0.00019636373355044016,7.822709443550264e-05,0.31666666666666665,0.07637626158259732,0.31666666666666665,0.07637626158259732,0.5666666666666667,0.10408329997330662
classification,random_forest_classifier,5,rmse,pruned_features,top_6,3,0.09570916934585465,0.007861997657740712,0.0952184188593466,0.09486091824152497,-0.0004907504865080423,0.000524946300091373,0.0008482511043296717,0.0004504276649298286,0.25,0.04999999999999999,0.25,0.04999999999999999,0.5166666666666667,0.10408329997330662
classification,random_forest_classifier,20,directional_accuracy,full_features,top_4,3,0.4955258377539886,0.013422140223857475,0.4986159943111362,0.5121994586024584,-0.0030901565571476177,0.008762255634453762,0.016673620848469833,0.004961665806226982,0.2333333333333333,0.11547005383792515,0.2333333333333333,0.11547005383792515,0.48333333333333334,0.028867513459481273
classification,random_forest_classifier,20,directional_accuracy,full_features,top_6,3,0.5039701349945017,0.019240585870253606,0.4986159943111362,0.5247015704456753,0.005354140683365406,0.012562604046474858,0.020731435451173567,0.00455993801340052,0.3333333333333333,0.20207259421636906,0.3333333333333333,0.20207259421636906,0.5166666666666667,0.15275252316519475
classification,random_forest_classifier,20,directional_accuracy,pruned_features,top_4,3,0.4955258377539886,0.013422140223857475,0.4986159943111362,0.5121994586024584,-0.0030901565571476177,0.008762255634453762,0.016673620848469833,0.004961665806226982,0.2333333333333333,0.11547005383792515,0.2333333333333333,0.11547005383792515,0.48333333333333334,0.028867513459481273
classification,random_forest_classifier,20,directional_accuracy,pruned_features,top_6,3,0.5039701349945017,0.019240585870253606,0.4986159943111362,0.5247015704456753,0.005354140683365406,0.012562604046474858,0.020731435451173567,0.00455993801340052,0.3333333333333333,0.20207259421636906,0.3333333333333333,0.20207259421636906,0.5166666666666667,0.15275252316519475
classification,random_forest_classifier,20,rmse,full_features,top_4,3,0.18512788058113863,0.008914002195954666,0.18491937526412985,0.18436506826275792,-0.00020850531700876396,6.0775223510286824e-05,0.000762812318380701,0.00025228714582713077,0.3666666666666667,0.11547005383792516,0.3666666666666667,0.11547005383792516,0.5833333333333334,0.07637626158259737
classification,random_forest_classifier,20,rmse,full_features,top_6,3,0.18532535923189583,0.008767682282143063,0.18491937526412985,0.18386534048457004,-0.00040598396776596324,0.00042895594432527717,0.0014600187473257972,0.0002311498503428514,0.35000000000000003,0.08660254037844388,0.35000000000000003,0.08660254037844388,0.5333333333333333,0.15275252316519464
classification,random_forest_classifier,20,rmse,pruned_features,top_4,3,0.18512788058113863,0.008914002195954666,0.18491937526412985,0.18436506826275792,-0.00020850531700876396,6.0775223510286824e-05,0.000762812318380701,0.00025228714582713077,0.3666666666666667,0.11547005383792516,0.3666666666666667,0.11547005383792516,0.5833333333333334,0.07637626158259737
classification,random_forest_classifier,20,rmse,pruned_features,top_6,3,0.18532535923189583,0.008767682282143063,0.18491937526412985,0.18386534048457004,-0.00040598396776596324,0.00042895594432527717,0.0014600187473257972,0.0002311498503428514,0.35000000000000003,0.08660254037844388,0.35000000000000003,0.08660254037844388,0.5333333333333333,0.15275252316519464
regression,catboost,1,directional_accuracy,full_features,top_4,3,0.6668043076136027,0.0019114636362404175,0.6668043076136027,0.6675580339008657,0.0,0.0,0.0007537262872628774,0.00041927147000293444,0.9,0.08660254037844381,,,,
regression,catboost,1,directional_accuracy,full_features,top_6,3,0.6668043076136027,0.0019114636362404175,0.6668043076136027,0.6675580339008657,0.0,0.0,0.0007537262872628774,0.00041927147000293444,0.9,0.08660254037844381,,,,
regression,catboost,1,directional_accuracy,pruned_features,top_4,3,0.6668043076136027,0.0019114636362404175,0.6668043076136027,0.6675580339008657,0.0,0.0,0.0007537262872628774,0.00041927147000293444,0.9,0.08660254037844381,,,,
regression,catboost,1,directional_accuracy,pruned_features,top_6,3,0.6668043076136027,0.0019114636362404175,0.6668043076136027,0.6675580339008657,0.0,0.0,0.0007537262872628774,0.00041927147000293444,0.9,0.08660254037844381,,,,
regression,catboost,1,rmse,full_features,top_4,3,0.02564556604332437,0.0022334753354156904,0.025595919615355355,0.025588455629533352,-4.964642796901654e-05,2.416833981491698e-05,5.711041379102312e-05,2.3741168725794402e-05,0.9,0.05000000000000003,,,,
regression,catboost,1,rmse,full_features,top_6,3,0.02564556604332437,0.0022334753354156904,0.025595919615355355,0.025588455629533352,-4.964642796901654e-05,2.416833981491698e-05,5.711041379102312e-05,2.3741168725794402e-05,0.9,0.05000000000000003,,,,
regression,catboost,1,rmse,pruned_features,top_4,3,0.02564556604332437,0.0022334753354156904,0.025595919615355355,0.025588455629533352,-4.964642796901654e-05,2.416833981491698e-05,5.711041379102312e-05,2.3741168725794402e-05,0.9,0.05000000000000003,,,,
regression,catboost,1,rmse,pruned_features,top_6,3,0.02564556604332437,0.0022334753354156904,0.025595919615355355,0.025588455629533352,-4.964642796901654e-05,2.416833981491698e-05,5.711041379102312e-05,2.3741168725794402e-05,0.9,0.05000000000000003,,,,
regression,catboost,5,directional_accuracy,full_features,top_4,3,0.5210232450352921,0.005144844930578557,0.5217387332507802,0.5255566848772691,-0.0007154882154882164,0.0015893718188731106,0.004533439841977123,0.00241052041032704,0.5166666666666667,0.12583057392117916,,,,
regression,catboost,5,directional_accuracy,full_features,top_6,3,0.5202825042945513,0.004404822782279491,0.5217387332507802,0.5309103617699173,-0.0014562289562289573,0.001441238702075722,0.010627857475365987,0.006725767978721006,0.3833333333333333,0.18929694486000911,,,,
regression,catboost,5,directional_accuracy,pruned_features,top_4,3,0.5210232450352921,0.005144844930578557,0.5217387332507802,0.5255566848772691,-0.0007154882154882164,0.0015893718188731106,0.004533439841977123,0.00241052041032704,0.5166666666666667,0.12583057392117916,,,,
regression,catboost,5,directional_accuracy,pruned_features,top_6,3,0.5202825042945513,0.004404822782279491,0.5217387332507802,0.5309103617699173,-0.0014562289562289573,0.001441238702075722,0.010627857475365987,0.006725767978721006,0.3833333333333333,0.18929694486000911,,,,
regression,catboost,5,rmse,full_features,top_4,3,0.09535571165806704,0.007500066910376718,0.0952184188593466,0.09511463874895187,-0.00013729279872043225,5.600611697068011e-05,0.0002410729091151506,7.20992811568458e-05,0.21666666666666667,0.10408329997330663,,,,
regression,catboost,5,rmse,full_features,top_6,3,0.09659502162745749,0.009198921666522234,0.0952184188593466,0.09486091824152497,-0.0013766027681108909,0.0018257766110274525,0.0017341033859325204,0.0017637598435905298,0.15,0.05,,,,
regression,catboost,5,rmse,pruned_features,top_4,3,0.09535571165806704,0.007500066910376718,0.0952184188593466,0.09511463874895187,-0.00013729279872043225,5.600611697068011e-05,0.0002410729091151506,7.20992811568458e-05,0.21666666666666667,0.10408329997330663,,,,
regression,catboost,5,rmse,pruned_features,top_6,3,0.09659502162745749,0.009198921666522234,0.0952184188593466,0.09486091824152497,-0.0013766027681108909,0.0018257766110274525,0.0017341033859325204,0.0017637598435905298,0.15,0.05,,,,
regression,catboost,20,directional_accuracy,full_features,top_4,3,0.4915384610846299,0.011640470823335991,0.4986159943111362,0.5121994586024584,-0.007077533226506366,0.00549211270279313,0.020660997517828582,0.002327374222792277,0.25,0.08660254037844387,,,,
regression,catboost,20,directional_accuracy,full_features,top_6,3,0.4919459562616472,0.014727619064878582,0.4986159943111362,0.5247015704456753,-0.006670038049489016,0.007319887590285633,0.032755614184028,0.00617552533900384,0.16666666666666666,0.12583057392117916,,,,
regression,catboost,20,directional_accuracy,pruned_features,top_4,3,0.4915384610846299,0.011640470823335991,0.4986159943111362,0.5121994586024584,-0.007077533226506366,0.00549211270279313,0.020660997517828582,0.002327374222792277,0.25,0.08660254037844387,,,,
regression,catboost,20,directional_accuracy,pruned_features,top_6,3,0.4919459562616472,0.014727619064878582,0.4986159943111362,0.5247015704456753,-0.006670038049489016,0.007319887590285633,0.032755614184028,0.00617552533900384,0.16666666666666666,0.12583057392117916,,,,
regression,catboost,20,rmse,full_features,top_4,3,0.18543401048000438,0.00904613241273777,0.18491937526412985,0.18436506826275792,-0.000514635215874517,0.00016794832776050275,0.001068942217246454,0.00029229181535591774,0.16666666666666666,0.02886751345948129,,,,
regression,catboost,20,rmse,full_features,top_6,3,0.18586758935071593,0.008481180805823859,0.18491937526412985,0.18386534048457004,-0.000948214086586101,0.0006201901079118171,0.002002248866145935,0.0006873947334217295,0.06666666666666667,0.07637626158259735,,,,
regression,catboost,20,rmse,pruned_features,top_4,3,0.18543401048000438,0.00904613241273777,0.18491937526412985,0.18436506826275792,-0.000514635215874517,0.00016794832776050275,0.001068942217246454,0.00029229181535591774,0.16666666666666666,0.02886751345948129,,,,
regression,catboost,20,rmse,pruned_features,top_6,3,0.18586758935071593,0.008481180805823859,0.18491937526412985,0.18386534048457004,-0.000948214086586101,0.0006201901079118171,0.002002248866145935,0.0006873947334217295,0.06666666666666667,0.07637626158259735,,,,
regression,random_forest,1,directional_accuracy,full_features,top_4,3,0.6668043076136027,0.0019114636362404175,0.6668043076136027,0.6675580339008657,0.0,0.0,0.0007537262872628774,0.00041927147000293444,0.9,0.08660254037844381,,,,
regression,random_forest,1,directional_accuracy,full_features,top_6,3,0.6668043076136027,0.0019114636362404175,0.6668043076136027,0.6675580339008657,0.0,0.0,0.0007537262872628774,0.00041927147000293444,0.9,0.08660254037844381,,,,
regression,random_forest,1,directional_accuracy,pruned_features,top_4,3,0.6668043076136027,0.0019114636362404175,0.6668043076136027,0.6675580339008657,0.0,0.0,0.0007537262872628774,0.00041927147000293444,0.9,0.08660254037844381,,,,
regression,random_forest,1,directional_accuracy,pruned_features,top_6,3,0.6668043076136027,0.0019114636362404175,0.6668043076136027,0.6675580339008657,0.0,0.0,0.0007537262872628774,0.00041927147000293444,0.9,0.08660254037844381,,,,
regression,random_forest,1,rmse,full_features,top_4,3,0.025595919615355355,0.002248822740129536,0.025595919615355355,0.025588455629533352,0.0,0.0,7.46398582200658e-06,1.2928002670689147e-05,0.9833333333333334,0.028867513459481298,,,,
regression,random_forest,1,rmse,full_features,top_6,3,0.025595919615355355,0.002248822740129536,0.025595919615355355,0.025588455629533352,0.0,0.0,7.46398582200658e-06,1.2928002670689147e-05,0.9833333333333334,0.028867513459481298,,,,
regression,random_forest,1,rmse,pruned_features,top_4,3,0.025595919615355355,0.002248822740129536,0.025595919615355355,0.025588455629533352,0.0,0.0,7.46398582200658e-06,1.2928002670689147e-05,0.9833333333333334,0.028867513459481298,,,,
regression,random_forest,1,rmse,pruned_features,top_6,3,0.025595919615355355,0.002248822740129536,0.025595919615355355,0.025588455629533352,0.0,0.0,7.46398582200658e-06,1.2928002670689147e-05,0.9833333333333334,0.028867513459481298,,,,
regression,random_forest,5,directional_accuracy,full_features,top_4,3,0.5217387332507802,0.004136382033255527,0.5217387332507802,0.5255566848772691,-9.396418828207704e-19,0.00073232323232323,0.003817951626488907,0.0013824946176934675,0.5,0.05000000000000001,,,,
regression,random_forest,5,directional_accuracy,full_features,top_6,3,0.5210232450352921,0.004006904192472624,0.5217387332507802,0.5309103617699173,-0.0007154882154882164,0.0006259027422566104,0.009887116734625246,0.006463834568445481,0.2833333333333334,0.14433756729740643,,,,
regression,random_forest,5,directional_accuracy,pruned_features,top_4,3,0.5217387332507802,0.004136382033255527,0.5217387332507802,0.5255566848772691,-9.396418828207704e-19,0.00073232323232323,0.003817951626488907,0.0013824946176934675,0.5,0.05000000000000001,,,,
regression,random_forest,5,directional_accuracy,pruned_features,top_6,3,0.5210232450352921,0.004006904192472624,0.5217387332507802,0.5309103617699173,-0.0007154882154882164,0.0006259027422566104,0.009887116734625246,0.006463834568445481,0.2833333333333334,0.14433756729740643,,,,
regression,random_forest,5,rmse,full_features,top_4,3,0.09525343035161704,0.007532939499847084,0.0952184188593466,0.09511463874895187,-3.501149227045572e-05,7.585939321383842e-05,0.00013879160266517404,5.4219479849958925e-05,0.25,0.09999999999999999,,,,
regression,random_forest,5,rmse,full_features,top_6,3,0.09621652003665936,0.009320564741642782,0.0952184188593466,0.09486091824152497,-0.0009981011773127595,0.001884452687496094,0.0013556017951343888,0.0018308987204951025,0.25,0.13228756555322957,,,,
regression,random_forest,5,rmse,pruned_features,top_4,3,0.09525343035161704,0.007532939499847084,0.0952184188593466,0.09511463874895187,-3.501149227045572e-05,7.585939321383842e-05,0.00013879160266517404,5.4219479849958925e-05,0.25,0.09999999999999999,,,,
regression,random_forest,5,rmse,pruned_features,top_6,3,0.09621652003665936,0.009320564741642782,0.0952184188593466,0.09486091824152497,-0.0009981011773127595,0.001884452687496094,0.0013556017951343888,0.0018308987204951025,0.25,0.13228756555322957,,,,
regression,random_forest,20,directional_accuracy,full_features,top_4,3,0.4943390190792661,0.013658842564951186,0.4986159943111362,0.5121994586024584,-0.004276975231870172,0.007373342860919882,0.017860439523192388,0.004351232466201453,0.2833333333333333,0.0763762615825973,,,,
regression,random_forest,20,directional_accuracy,full_features,top_6,3,0.4954748993506446,0.01130788726184793,0.4986159943111362,0.5247015704456753,-0.0031410949604916204,0.003681561046826686,0.029226671095030594,0.00816961565602994,0.26666666666666666,0.05773502691896256,,,,
regression,random_forest,20,directional_accuracy,pruned_features,top_4,3,0.4943390190792661,0.013658842564951186,0.4986159943111362,0.5121994586024584,-0.004276975231870172,0.007373342860919882,0.017860439523192388,0.004351232466201453,0.2833333333333333,0.0763762615825973,,,,
regression,random_forest,20,directional_accuracy,pruned_features,top_6,3,0.4954748993506446,0.01130788726184793,0.4986159943111362,0.5247015704456753,-0.0031410949604916204,0.003681561046826686,0.029226671095030594,0.00816961565602994,0.26666666666666666,0.05773502691896256,,,,
regression,random_forest,20,rmse,full_features,top_4,3,0.18487899998444435,0.008765059005293454,0.18491937526412985,0.18436506826275792,4.03752796854955e-05,0.000119578351175248,0.0005139317216864415,0.00022510797848335144,0.4166666666666667,0.07637626158259733,,,,
regression,random_forest,20,rmse,full_features,top_6,3,0.18491199172282122,0.00886205802575876,0.18491937526412985,0.18386534048457004,7.383541308651763e-06,2.6996754322344723e-05,0.0010466512382511822,0.0002290521870302051,0.3666666666666667,0.07637626158259737,,,,
regression,random_forest,20,rmse,pruned_features,top_4,3,0.18487899998444435,0.008765059005293454,0.18491937526412985,0.18436506826275792,4.03752796854955e-05,0.000119578351175248,0.0005139317216864415,0.00022510797848335144,0.4166666666666667,0.07637626158259733,,,,
regression,random_forest,20,rmse,pruned_features,top_6,3,0.18491199172282122,0.00886205802575876,0.18491937526412985,0.18386534048457004,7.383541308651763e-06,2.6996754322344723e-05,0.0010466512382511822,0.0002290521870302051,0.3666666666666667,0.07637626158259737,,,,
regression,ridge,1,directional_accuracy,full_features,top_4,3,0.6668043076136027,0.0019114636362404175,0.6668043076136027,0.6675580339008657,0.0,0.0,0.0007537262872628774,0.00041927147000293444,0.9,0.08660254037844381,,,,
regression,ridge,1,directional_accuracy,full_features,top_6,3,0.6668043076136027,0.0019114636362404175,0.6668043076136027,0.6675580339008657,0.0,0.0,0.0007537262872628774,0.00041927147000293444,0.9,0.08660254037844381,,,,
regression,ridge,1,directional_accuracy,pruned_features,top_4,3,0.6668043076136027,0.0019114636362404175,0.6668043076136027,0.6675580339008657,0.0,0.0,0.0007537262872628774,0.00041927147000293444,0.9,0.08660254037844381,,,,
regression,ridge,1,directional_accuracy,pruned_features,top_6,3,0.6668043076136027,0.0019114636362404175,0.6668043076136027,0.6675580339008657,0.0,0.0,0.0007537262872628774,0.00041927147000293444,0.9,0.08660254037844381,,,,
regression,ridge,1,rmse,full_features,top_4,3,0.026222470880137263,0.002593251289230971,0.025595919615355355,0.025588455629533352,-0.0006265512647819055,0.00041165673391476565,0.0006340152506039121,0.0004186193858370625,0.7166666666666667,0.16072751268321595,,,,
regression,ridge,1,rmse,full_features,top_6,3,0.026222470880137263,0.002593251289230971,0.025595919615355355,0.025588455629533352,-0.0006265512647819055,0.00041165673391476565,0.0006340152506039121,0.0004186193858370625,0.7166666666666667,0.16072751268321595,,,,
regression,ridge,1,rmse,pruned_features,top_4,3,0.026222470880137263,0.002593251289230971,0.025595919615355355,0.025588455629533352,-0.0006265512647819055,0.00041165673391476565,0.0006340152506039121,0.0004186193858370625,0.7166666666666667,0.16072751268321595,,,,
regression,ridge,1,rmse,pruned_features,top_6,3,0.026222470880137263,0.002593251289230971,0.025595919615355355,0.025588455629533352,-0.0006265512647819055,0.00041165673391476565,0.0006340152506039121,0.0004186193858370625,0.7166666666666667,0.16072751268321595,,,,
regression,ridge,5,directional_accuracy,full_features,top_4,3,0.5194744234864707,0.0045911948028322935,0.5217387332507802,0.5255566848772691,-0.002264309764309762,0.0010661032781618795,0.006082261390798669,0.0018538163432243687,0.3333333333333333,0.10408329997330663,,,,
regression,ridge,5,directional_accuracy,full_features,top_6,3,0.5194744234864707,0.0045911948028322935,0.5217387332507802,0.5309103617699173,-0.002264309764309762,0.0010661032781618795,0.011435938283446792,0.007013590848398493,0.26666666666666666,0.1258305739211792,,,,
regression,ridge,5,directional_accuracy,pruned_features,top_4,3,0.5194744234864707,0.0045911948028322935,0.5217387332507802,0.5255566848772691,-0.002264309764309762,0.0010661032781618795,0.006082261390798669,0.0018538163432243687,0.3333333333333333,0.10408329997330663,,,,
regression,ridge,5,directional_accuracy,pruned_features,top_6,3,0.5194744234864707,0.0045911948028322935,0.5217387332507802,0.5309103617699173,-0.002264309764309762,0.0010661032781618795,0.011435938283446792,0.007013590848398493,0.26666666666666666,0.1258305739211792,,,,
regression,ridge,5,rmse,full_features,top_4,3,0.0953368298214909,0.007632840468545166,0.0952184188593466,0.09511463874895187,-0.00011841096214430697,0.00017946160561805533,0.0002221910725390253,0.00015638513261983576,0.35000000000000003,0.13228756555322957,,,,
regression,ridge,5,rmse,full_features,top_6,3,0.0964440326378751,0.009136733352998444,0.0952184188593466,0.09486091824152497,-0.0012256137785284945,0.001725857086640506,0.0015831143963501236,0.0016677633162254248,0.3333333333333333,0.07637626158259735,,,,
regression,ridge,5,rmse,pruned_features,top_4,3,0.0953368298214909,0.007632840468545166,0.0952184188593466,0.09511463874895187,-0.00011841096214430697,0.00017946160561805533,0.0002221910725390253,0.00015638513261983576,0.35000000000000003,0.13228756555322957,,,,
regression,ridge,5,rmse,pruned_features,top_6,3,0.0964440326378751,0.009136733352998444,0.0952184188593466,0.09486091824152497,-0.0012256137785284945,0.001725857086640506,0.0015831143963501236,0.0016677633162254248,0.3333333333333333,0.07637626158259735,,,,
regression,ridge,20,directional_accuracy,full_features,top_4,3,0.4957672941345015,0.010016160089352095,0.4986159943111362,0.5121994586024584,-0.002848700176634821,0.0050955583291795266,0.016432164467957037,0.0012289648130231212,0.2833333333333334,0.10408329997330666,,,,
regression,ridge,20,directional_accuracy,full_features,top_6,3,0.4966144666963015,0.012957183311484386,0.4986159943111362,0.5247015704456753,-0.0020015276148347993,0.007058705161342691,0.028087103749373777,0.003753830622529646,0.21666666666666667,0.10408329997330665,,,,
regression,ridge,20,directional_accuracy,pruned_features,top_4,3,0.4957672941345015,0.010016160089352095,0.4986159943111362,0.5121994586024584,-0.002848700176634821,0.0050955583291795266,0.016432164467957037,0.0012289648130231212,0.2833333333333334,0.10408329997330666,,,,
regression,ridge,20,directional_accuracy,pruned_features,top_6,3,0.4966144666963015,0.012957183311484386,0.4986159943111362,0.5247015704456753,-0.0020015276148347993,0.007058705161342691,0.028087103749373777,0.003753830622529646,0.21666666666666667,0.10408329997330665,,,,
regression,ridge,20,rmse,full_features,top_4,3,0.18537436701313584,0.008872570645403732,0.18491937526412985,0.18436506826275792,-0.0004549917490059979,0.0001988816789755208,0.001009298750377935,1.3652219611964914e-05,0.3,0.08660254037844382,,,,
regression,ridge,20,rmse,full_features,top_6,3,0.1875466954285725,0.012276381940548855,0.18491937526412985,0.18386534048457004,-0.0026273201644426455,0.003439573536872648,0.0036813549440024794,0.003651768431006023,0.19999999999999998,0.05000000000000002,,,,
regression,ridge,20,rmse,pruned_features,top_4,3,0.18537436701313584,0.008872570645403732,0.18491937526412985,0.18436506826275792,-0.0004549917490059979,0.0001988816789755208,0.001009298750377935,1.3652219611964914e-05,0.3,0.08660254037844382,,,,
regression,ridge,20,rmse,pruned_features,top_6,3,0.1875466954285725,0.012276381940548855,0.18491937526412985,0.18386534048457004,-0.0026273201644426455,0.003439573536872648,0.0036813549440024794,0.003651768431006023,0.19999999999999998,0.05000000000000002,,,,
scoring,catboost,1,directional_accuracy,full_features,top_4,3,0.6668043076136027,0.0019114636362404175,0.6668043076136027,0.6675580339008657,0.0,0.0,0.0007537262872628774,0.00041927147000293444,0.9,0.08660254037844381,,,,
scoring,catboost,1,directional_accuracy,full_features,top_6,3,0.6668043076136027,0.0019114636362404175,0.6668043076136027,0.6675580339008657,0.0,0.0,0.0007537262872628774,0.00041927147000293444,0.9,0.08660254037844381,,,,
scoring,catboost,1,directional_accuracy,pruned_features,top_4,3,0.6668043076136027,0.0019114636362404175,0.6668043076136027,0.6675580339008657,0.0,0.0,0.0007537262872628774,0.00041927147000293444,0.9,0.08660254037844381,,,,
scoring,catboost,1,directional_accuracy,pruned_features,top_6,3,0.6668043076136027,0.0019114636362404175,0.6668043076136027,0.6675580339008657,0.0,0.0,0.0007537262872628774,0.00041927147000293444,0.9,0.08660254037844381,,,,
scoring,catboost,1,rmse,full_features,top_4,3,0.025621997180489808,0.0022590877376852383,0.025595919615355355,0.025588455629533352,-2.607756513445039e-05,2.5843419625274066e-05,3.3541550956456974e-05,2.9080028712357584e-05,0.9,0.08660254037844392,,,,
scoring,catboost,1,rmse,full_features,top_6,3,0.02561046094100447,0.0022431805405331274,0.025595919615355355,0.025588455629533352,-1.454132564911601e-05,1.4638609084520666e-05,2.2005311471122593e-05,1.941926833113256e-05,0.9333333333333332,0.05773502691896258,,,,
scoring,catboost,1,rmse,pruned_features,top_4,3,0.025621997180489808,0.0022590877376852383,0.025595919615355355,0.025588455629533352,-2.607756513445039e-05,2.5843419625274066e-05,3.3541550956456974e-05,2.9080028712357584e-05,0.9,0.08660254037844392,,,,
scoring,catboost,1,rmse,pruned_features,top_6,3,0.02561046094100447,0.0022431805405331274,0.025595919615355355,0.025588455629533352,-1.454132564911601e-05,1.4638609084520666e-05,2.2005311471122593e-05,1.941926833113256e-05,0.9333333333333332,0.05773502691896258,,,,
scoring,catboost,5,directional_accuracy,full_features,top_4,3,0.5218481608602079,0.004058706231582426,0.5217387332507802,0.5255566848772691,0.0001094276094276083,0.00046586175427682034,0.003708524017061298,0.001439713895216447,0.5,0.13228756555322954,,,,
scoring,catboost,5,directional_accuracy,full_features,top_6,3,0.5217808207928679,0.0034341824205106584,0.5217387332507802,0.5309103617699173,4.208754208754329e-05,0.0007581367171176844,0.009129540977049485,0.005814661601983974,0.3333333333333333,0.07637626158259735,,,,
scoring,catboost,5,directional_accuracy,pruned_features,top_4,3,0.5218481608602079,0.004058706231582426,0.5217387332507802,0.5255566848772691,0.0001094276094276083,0.00046586175427682034,0.003708524017061298,0.001439713895216447,0.5,0.13228756555322954,,,,
scoring,catboost,5,directional_accuracy,pruned_features,top_6,3,0.5217808207928679,0.0034341824205106584,0.5217387332507802,0.5309103617699173,4.208754208754329e-05,0.0007581367171176844,0.009129540977049485,0.005814661601983974,0.3333333333333333,0.07637626158259735,,,,
scoring,catboost,5,rmse,full_features,top_4,3,0.09535192495941387,0.007551962393205709,0.0952184188593466,0.09511463874895187,-0.00013350610006727175,0.00010332365493772818,0.00023728621046199006,7.668099636699797e-05,0.3,0.04999999999999999,,,,
scoring,catboost,5,rmse,full_features,top_6,3,0.09554414552332478,0.007876725152233007,0.0952184188593466,0.09486091824152497,-0.000325726663978181,0.00045492759129534606,0.0006832272817998104,0.00039067065811621785,0.2333333333333333,0.02886751345948128,,,,
scoring,catboost,5,rmse,pruned_features,top_4,3,0.09535192495941387,0.007551962393205709,0.0952184188593466,0.09511463874895187,-0.00013350610006727175,0.00010332365493772818,0.00023728621046199006,7.668099636699797e-05,0.3,0.04999999999999999,,,,
scoring,catboost,5,rmse,pruned_features,top_6,3,0.09554414552332478,0.007876725152233007,0.0952184188593466,0.09486091824152497,-0.000325726663978181,0.00045492759129534606,0.0006832272817998104,0.00039067065811621785,0.2333333333333333,0.02886751345948128,,,,
scoring,catboost,20,directional_accuracy,full_features,top_4,3,0.4949615206335512,0.012586419407632915,0.4986159943111362,0.5121994586024584,-0.0036544736775850663,0.008325066126231424,0.017237937968907283,0.004464454190071098,0.2833333333333333,0.028867513459481266,,,,
scoring,catboost,20,directional_accuracy,full_features,top_6,3,0.4936502668113643,0.016505937793397804,0.4986159943111362,0.5247015704456753,-0.004965727499771909,0.008970877714422848,0.031051303634310884,0.00679884038624279,0.15,0.14999999999999997,,,,
scoring,catboost,20,directional_accuracy,pruned_features,top_4,3,0.4949615206335512,0.012586419407632915,0.4986159943111362,0.5121994586024584,-0.0036544736775850663,0.008325066126231424,0.017237937968907283,0.004464454190071098,0.2833333333333333,0.028867513459481266,,,,
scoring,catboost,20,directional_accuracy,pruned_features,top_6,3,0.4936502668113643,0.016505937793397804,0.4986159943111362,0.5247015704456753,-0.004965727499771909,0.008970877714422848,0.031051303634310884,0.00679884038624279,0.15,0.14999999999999997,,,,
scoring,catboost,20,rmse,full_features,top_4,3,0.18509705181657407,0.008857955348691948,0.18491937526412985,0.18436506826275792,-0.0001776765524442133,0.00013125003570252564,0.0007319835538161503,7.402958814778759e-05,0.35000000000000003,0.05000000000000003,,,,
scoring,catboost,20,rmse,full_features,top_6,3,0.1854543113747196,0.008199554592566641,0.18491937526412985,0.18386534048457004,-0.0005349361105897446,0.0007641131773016456,0.0015889708901495785,0.0007243253169081846,0.26666666666666666,0.11547005383792516,,,,
scoring,catboost,20,rmse,pruned_features,top_4,3,0.18509705181657407,0.008857955348691948,0.18491937526412985,0.18436506826275792,-0.0001776765524442133,0.00013125003570252564,0.0007319835538161503,7.402958814778759e-05,0.35000000000000003,0.05000000000000003,,,,
scoring,catboost,20,rmse,pruned_features,top_6,3,0.1854543113747196,0.008199554592566641,0.18491937526412985,0.18386534048457004,-0.0005349361105897446,0.0007641131773016456,0.0015889708901495785,0.0007243253169081846,0.26666666666666666,0.11547005383792516,,,,
scoring,random_forest,1,directional_accuracy,full_features,top_4,3,0.6666942127626542,0.0017212304978827175,0.6668043076136027,0.6675580339008657,-0.00011009485094851112,0.00019068987549454388,0.0008638211382113885,0.00041592239694474123,0.8833333333333333,0.07637626158259724,,,,
scoring,random_forest,1,directional_accuracy,full_features,top_6,3,0.6668043076136027,0.0019114636362404175,0.6668043076136027,0.6675580339008657,0.0,0.0,0.0007537262872628774,0.00041927147000293444,0.9,0.08660254037844381,,,,
scoring,random_forest,1,directional_accuracy,pruned_features,top_4,3,0.6666942127626542,0.0017212304978827175,0.6668043076136027,0.6675580339008657,-0.00011009485094851112,0.00019068987549454388,0.0008638211382113885,0.00041592239694474123,0.8833333333333333,0.07637626158259724,,,,
scoring,random_forest,1,directional_accuracy,pruned_features,top_6,3,0.6668043076136027,0.0019114636362404175,0.6668043076136027,0.6675580339008657,0.0,0.0,0.0007537262872628774,0.00041927147000293444,0.9,0.08660254037844381,,,,
scoring,random_forest,1,rmse,full_features,top_4,3,0.025603185656979343,0.002260480814079494,0.025595919615355355,0.025588455629533352,-7.266041623986187e-06,1.2585153262654352e-05,1.4730027445992767e-05,2.55131559333435e-05,0.9666666666666667,0.05773502691896256,,,,
scoring,random_forest,1,rmse,full_features,top_6,3,0.025610676093108613,0.0022454922222962213,0.025595919615355355,0.025588455629533352,-1.4756477753255562e-05,2.555896920939847e-05,2.222046357526214e-05,2.2135214882651573e-05,0.9500000000000001,0.04999999999999996,,,,
scoring,random_forest,1,rmse,pruned_features,top_4,3,0.025603185656979343,0.002260480814079494,0.025595919615355355,0.025588455629533352,-7.266041623986187e-06,1.2585153262654352e-05,1.4730027445992767e-05,2.55131559333435e-05,0.9666666666666667,0.05773502691896256,,,,
scoring,random_forest,1,rmse,pruned_features,top_6,3,0.025610676093108613,0.0022454922222962213,0.025595919615355355,0.025588455629533352,-1.4756477753255562e-05,2.555896920939847e-05,2.222046357526214e-05,2.2135214882651573e-05,0.9500000000000001,0.04999999999999996,,,,
scoring,random_forest,5,directional_accuracy,full_features,top_4,3,0.5221932787053257,0.004130771991561453,0.5217387332507802,0.5255566848772691,0.0004545454545454538,0.0005480437983386521,0.003363406171943452,0.0014660935548657212,0.5333333333333333,0.10408329997330666,,,,
scoring,random_forest,5,directional_accuracy,full_features,top_6,3,0.52146937298142,0.004341374230061687,0.5217387332507802,0.5309103617699173,-0.00026936026936026837,0.0007727162693699539,0.009440988788497298,0.006777137740980668,0.35000000000000003,0.09999999999999999,,,,
scoring,random_forest,5,directional_accuracy,pruned_features,top_4,3,0.5221932787053257,0.004130771991561453,0.5217387332507802,0.5255566848772691,0.0004545454545454538,0.0005480437983386521,0.003363406171943452,0.0014660935548657212,0.5333333333333333,0.10408329997330666,,,,
scoring,random_forest,5,directional_accuracy,pruned_features,top_6,3,0.52146937298142,0.004341374230061687,0.5217387332507802,0.5309103617699173,-0.00026936026936026837,0.0007727162693699539,0.009440988788497298,0.006777137740980668,0.35000000000000003,0.09999999999999999,,,,
scoring,random_forest,5,rmse,full_features,top_4,3,0.09525822459195314,0.007516332860709114,0.0952184188593466,0.09511463874895187,-3.9805732606545614e-05,6.238607996102368e-05,0.00014358584300126393,3.769017521776019e-05,0.31666666666666665,0.07637626158259735,,,,
scoring,random_forest,5,rmse,full_features,top_6,3,0.09642128210854894,0.009299298092350044,0.0952184188593466,0.09486091824152497,-0.0012028632492023324,0.0018724797335529964,0.0015603638670239617,0.0018171797096627489,0.2333333333333333,0.05773502691896256,,,,
scoring,random_forest,5,rmse,pruned_features,top_4,3,0.09525822459195314,0.007516332860709114,0.0952184188593466,0.09511463874895187,-3.9805732606545614e-05,6.238607996102368e-05,0.00014358584300126393,3.769017521776019e-05,0.31666666666666665,0.07637626158259735,,,,
scoring,random_forest,5,rmse,pruned_features,top_6,3,0.09642128210854894,0.009299298092350044,0.0952184188593466,0.09486091824152497,-0.0012028632492023324,0.0018724797335529964,0.0015603638670239617,0.0018171797096627489,0.2333333333333333,0.05773502691896256,,,,
scoring,random_forest,20,directional_accuracy,full_features,top_4,3,0.4943559138250002,0.012787539118169305,0.4986159943111362,0.5121994586024584,-0.004260080486136096,0.006586747065316185,0.017843544777458312,0.00347877319896588,0.2333333333333333,0.07637626158259733,,,,
scoring,random_forest,20,directional_accuracy,full_features,top_6,3,0.494899236008596,0.009732769521385527,0.4986159943111362,0.5247015704456753,-0.0037167583025402655,0.0019038386904993861,0.029802334437079244,0.009784026767381212,0.19999999999999998,0.08660254037844387,,,,
scoring,random_forest,20,directional_accuracy,pruned_features,top_4,3,0.4943559138250002,0.012787539118169305,0.4986159943111362,0.5121994586024584,-0.004260080486136096,0.006586747065316185,0.017843544777458312,0.00347877319896588,0.2333333333333333,0.07637626158259733,,,,
scoring,random_forest,20,directional_accuracy,pruned_features,top_6,3,0.494899236008596,0.009732769521385527,0.4986159943111362,0.5247015704456753,-0.0037167583025402655,0.0019038386904993861,0.029802334437079244,0.009784026767381212,0.19999999999999998,0.08660254037844387,,,,
scoring,random_forest,20,rmse,full_features,top_4,3,0.185043556964937,0.008951354609604624,0.18491937526412985,0.18436506826275792,-0.00012418170080712838,0.0003130768024861734,0.0006784887021790654,0.00012602939478255704,0.3333333333333333,0.028867513459481298,,,,
scoring,random_forest,20,rmse,full_features,top_6,3,0.18507238610802132,0.008726471078572457,0.18491937526412985,0.18386534048457004,-0.00015301084389149157,0.0003448409559966674,0.0012070456234513256,0.00012016707966835346,0.3,0.08660254037844382,,,,
scoring,random_forest,20,rmse,pruned_features,top_4,3,0.185043556964937,0.008951354609604624,0.18491937526412985,0.18436506826275792,-0.00012418170080712838,0.0003130768024861734,0.0006784887021790654,0.00012602939478255704,0.3333333333333333,0.028867513459481298,,,,
scoring,random_forest,20,rmse,pruned_features,top_6,3,0.18507238610802132,0.008726471078572457,0.18491937526412985,0.18386534048457004,-0.00015301084389149157,0.0003448409559966674,0.0012070456234513256,0.00012016707966835346,0.3,0.08660254037844382,,,,
scoring,ridge,1,directional_accuracy,full_features,top_4,3,0.6668043076136027,0.0019114636362404175,0.6668043076136027,0.6675580339008657,0.0,0.0,0.0007537262872628774,0.00041927147000293444,0.9,0.08660254037844381,,,,
scoring,ridge,1,directional_accuracy,full_features,top_6,3,0.6668043076136027,0.0019114636362404175,0.6668043076136027,0.6675580339008657,0.0,0.0,0.0007537262872628774,0.00041927147000293444,0.9,0.08660254037844381,,,,
scoring,ridge,1,directional_accuracy,pruned_features,top_4,3,0.6668043076136027,0.0019114636362404175,0.6668043076136027,0.6675580339008657,0.0,0.0,0.0007537262872628774,0.00041927147000293444,0.9,0.08660254037844381,,,,
scoring,ridge,1,directional_accuracy,pruned_features,top_6,3,0.6668043076136027,0.0019114636362404175,0.6668043076136027,0.6675580339008657,0.0,0.0,0.0007537262872628774,0.00041927147000293444,0.9,0.08660254037844381,,,,
scoring,ridge,1,rmse,full_features,top_4,3,0.025595919615355355,0.002248822740129536,0.025595919615355355,0.025588455629533352,0.0,0.0,7.46398582200658e-06,1.2928002670689147e-05,0.9833333333333334,0.028867513459481298,,,,
scoring,ridge,1,rmse,full_features,top_6,3,0.025595919615355355,0.002248822740129536,0.025595919615355355,0.025588455629533352,0.0,0.0,7.46398582200658e-06,1.2928002670689147e-05,0.9833333333333334,0.028867513459481298,,,,
scoring,ridge,1,rmse,pruned_features,top_4,3,0.025595919615355355,0.002248822740129536,0.025595919615355355,0.025588455629533352,0.0,0.0,7.46398582200658e-06,1.2928002670689147e-05,0.9833333333333334,0.028867513459481298,,,,
scoring,ridge,1,rmse,pruned_features,top_6,3,0.025595919615355355,0.002248822740129536,0.025595919615355355,0.025588455629533352,0.0,0.0,7.46398582200658e-06,1.2928002670689147e-05,0.9833333333333334,0.028867513459481298,,,,
scoring,ridge,5,directional_accuracy,full_features,top_4,3,0.5217387332507802,0.003592980294449109,0.5217387332507802,0.5255566848772691,0.0,0.0,0.003817951626488906,0.0010151733793586455,0.4833333333333334,0.05773502691896258,,,,
scoring,ridge,5,directional_accuracy,full_features,top_6,3,0.5217387332507802,0.003592980294449109,0.5217387332507802,0.5309103617699173,0.0,0.0,0.009171628519137028,0.006040179163273713,0.31666666666666665,0.11547005383792514,,,,
scoring,ridge,5,directional_accuracy,pruned_features,top_4,3,0.5217387332507802,0.003592980294449109,0.5217387332507802,0.5255566848772691,0.0,0.0,0.003817951626488906,0.0010151733793586455,0.4833333333333334,0.05773502691896258,,,,
scoring,ridge,5,directional_accuracy,pruned_features,top_6,3,0.5217387332507802,0.003592980294449109,0.5217387332507802,0.5309103617699173,0.0,0.0,0.009171628519137028,0.006040179163273713,0.31666666666666665,0.11547005383792514,,,,
scoring,ridge,5,rmse,full_features,top_4,3,0.0952184188593466,0.007461895944666886,0.0952184188593466,0.09511463874895187,0.0,0.0,0.00010378011039471832,3.2477096201203715e-05,0.31666666666666665,0.10408329997330663,,,,
scoring,ridge,5,rmse,full_features,top_6,3,0.0952184188593466,0.007461895944666886,0.0952184188593466,0.09486091824152497,0.0,0.0,0.0003575006178216295,7.731442088087328e-05,0.21666666666666667,0.07637626158259732,,,,
scoring,ridge,5,rmse,pruned_features,top_4,3,0.0952184188593466,0.007461895944666886,0.0952184188593466,0.09511463874895187,0.0,0.0,0.00010378011039471832,3.2477096201203715e-05,0.31666666666666665,0.10408329997330663,,,,
scoring,ridge,5,rmse,pruned_features,top_6,3,0.0952184188593466,0.007461895944666886,0.0952184188593466,0.09486091824152497,0.0,0.0,0.0003575006178216295,7.731442088087328e-05,0.21666666666666667,0.07637626158259732,,,,
scoring,ridge,20,directional_accuracy,full_features,top_4,3,0.4986159943111362,0.007842537227540757,0.4986159943111362,0.5121994586024584,0.0,0.0,0.013583464291322218,0.0038672065556260484,0.31666666666666665,0.07637626158259733,,,,
scoring,ridge,20,directional_accuracy,full_features,top_6,3,0.4986159943111362,0.007842537227540757,0.4986159943111362,0.5247015704456753,0.0,0.0,0.026085576134538973,0.010805023370762156,0.13333333333333333,0.07637626158259733,,,,
scoring,ridge,20,directional_accuracy,pruned_features,top_4,3,0.4986159943111362,0.007842537227540757,0.4986159943111362,0.5121994586024584,0.0,0.0,0.013583464291322218,0.0038672065556260484,0.31666666666666665,0.07637626158259733,,,,
scoring,ridge,20,directional_accuracy,pruned_features,top_6,3,0.4986159943111362,0.007842537227540757,0.4986159943111362,0.5247015704456753,0.0,0.0,0.026085576134538973,0.010805023370762156,0.13333333333333333,0.07637626158259733,,,,
scoring,ridge,20,rmse,full_features,top_4,3,0.18491937526412985,0.008884476388215464,0.18491937526412985,0.18436506826275792,0.0,0.0,0.0005543070013719369,0.00019730290216718097,0.4166666666666667,0.02886751345948128,,,,
scoring,ridge,20,rmse,full_features,top_6,3,0.18491937526412985,0.008884476388215464,0.18491937526412985,0.18386534048457004,0.0,0.0,0.0010540347795598341,0.0002553464534089041,0.3333333333333333,0.07637626158259735,,,,
scoring,ridge,20,rmse,pruned_features,top_4,3,0.18491937526412985,0.008884476388215464,0.18491937526412985,0.18436506826275792,0.0,0.0,0.0005543070013719369,0.00019730290216718097,0.4166666666666667,0.02886751345948128,,,,
scoring,ridge,20,rmse,pruned_features,top_6,3,0.18491937526412985,0.008884476388215464,0.18491937526412985,0.18386534048457004,0.0,0.0,0.0010540347795598341,0.0002553464534089041,0.3333333333333333,0.07637626158259735,,,,
